Trial ID;Game Type;Name Model;Training Step;Race Completion;Checkpoint Max;Time;Max Time;Speed Average;Max Speed;Off Road Time;Hit Number;Max Obstacle;Obstacle Time
0;Arcade;ArcadeCar;1963;17;17;39,25423;300;36,42961;75;4,024547;4;21;1,851522
1;Arcade;ArcadeCar;3986;17;17;79,71832;300;17,84323;75;5,014168;3;19;43,26609
2;Arcade;ArcadeCar;4721;17;17;94,42587;300;15,19588;75;3,8783;3;19;59,71716
3;Arcade;ArcadeCar;1750;17;17;34,99973;300;40,88115;75;5,661948;1;19;0,1626424
4;Arcade;ArcadeCar;1713;17;17;34,25824;300;41,21251;75;5,625216;0;18;0
5;Arcade;ArcadeCar;1657;17;17;33,14167;300;42,82782;75;3,977856;1;21;0,04140121
6;Arcade;ArcadeCar;2017;17;17;40,3361;300;34,66686;75;6,074512;3;16;2,794205
7;Arcade;ArcadeCar;1636;17;17;32,72211;300;42,89755;75;4,030167;1;20;0,0387076
8;Arcade;ArcadeCar;2133;17;17;42,65639;300;33,64326;75;3,463936;5;21;4,660468
9;Arcade;ArcadeCar;1717;17;17;34,34213;300;41,11496;75;4,36397;2;20;0,1152122
10;Arcade;ArcadeCar;1725;17;17;34,49858;300;41,0478;75;3,381343;3;16;0,4441598
11;Arcade;ArcadeCar;2113;17;17;42,26441;300;33,33704;75;11,94515;3;20;0,1771052
12;Arcade;ArcadeCar;1710;17;17;34,19612;300;41,03147;75;3,49277;3;21;0,0659242
13;Arcade;ArcadeCar;2049;17;17;40,98183;300;33,90819;75;4,729551;5;17;2,81832
14;Arcade;ArcadeCar;1880;17;17;37,59869;300;37,7067;75;3,856661;4;19;1,538596
15;Arcade;ArcadeCar;2858;17;17;57,16458;300;24,90007;75;20,41285;5;24;6,088204
16;Arcade;ArcadeCar;1920;17;17;38,39787;300;36,60998;75;5,268291;5;18;1,314383
17;Arcade;ArcadeCar;1729;17;17;34,57654;300;40,69336;75;3,435015;3;20;0,9575912
18;Arcade;ArcadeCar;2080;17;17;41,60386;300;33,74131;75;10,35056;2;19;2,69694
19;Arcade;ArcadeCar;1702;17;17;34,0388;300;42,13706;75;4,669871;0;15;0
20;Arcade;ArcadeCar;1838;17;17;36,7561;300;37,71491;75;4,985001;2;16;1,052836
21;Arcade;ArcadeCar;1780;17;17;35,6028;300;39,03244;75;5,375227;2;20;0,4850971
22;Arcade;ArcadeCar;2214;17;17;44,28386;300;31,84207;75;10,51443;4;22;2,475541
23;Arcade;ArcadeCar;1917;17;17;38,32836;300;37,44252;75;4,411283;3;18;0,6201556
24;Arcade;ArcadeCar;2143;17;17;42,86481;300;32,09216;75;10,85351;3;20;2,235489
25;Arcade;ArcadeCar;2140;17;17;42,80658;300;33,13548;75;4,381989;5;22;3,728219
26;Arcade;ArcadeCar;1654;17;17;33,08038;300;42,45152;75;3,75976;1;19;0,0794914
27;Arcade;ArcadeCar;2154;17;17;43,07602;300;32,88292;75;10,86065;4;24;4,401328
28;Arcade;ArcadeCar;1911;17;17;38,2229;300;37,38264;75;6,586858;2;19;0,4393461
29;Arcade;ArcadeCar;1948;17;17;38,95579;300;35,89333;75;5,314974;4;18;1,286161
30;Arcade;ArcadeCar;10144;17;17;202,883;300;7,343874;75;4,536704;5;18;164,7928
31;Arcade;ArcadeCar;1793;17;17;35,86044;300;39,38671;75;3,67872;2;22;1,137305
32;Arcade;ArcadeCar;1639;17;17;32,77399;300;42,27634;75;5,244915;0;23;0
33;Arcade;ArcadeCar;1943;17;17;38,86418;300;36,40209;75;4,787402;4;18;1,772536
34;Arcade;ArcadeCar;2023;17;17;40,45751;300;34,09644;75;8,060668;2;19;2,092445
35;Arcade;ArcadeCar;1911;17;17;38,22488;300;36,54003;75;3,312512;4;18;2,531212
36;Arcade;ArcadeCar;1859;17;17;37,1793;300;38,54749;75;5,292695;3;20;1,53514
37;Arcade;ArcadeCar;1818;17;17;36,35421;300;38,74518;75;3,068477;2;20;1,606654
38;Arcade;ArcadeCar;2160;17;17;43,2035;300;33,15489;75;8,788881;2;16;2,832044
39;Arcade;ArcadeCar;1944;17;17;38,88087;300;36,54379;75;4,802314;4;23;2,158097
40;Arcade;ArcadeCar;1658;17;17;33,16014;300;41,59273;75;3,747519;1;21;0,1481666
41;Arcade;ArcadeCar;1680;17;17;33,59366;300;41,71058;75;5,055054;0;14;0
42;Arcade;ArcadeCar;2016;17;17;40,32792;300;35,21734;75;3,987224;4;17;3,996293
43;Arcade;ArcadeCar;1907;17;17;38,13825;300;36,6323;75;3,716038;3;17;3,310504
44;Arcade;ArcadeCar;2247;17;17;44,94183;300;31,99977;75;5,677864;5;19;4,772804
45;Arcade;ArcadeCar;1764;17;17;35,27614;300;40,59416;75;6,290064;1;19;0,05524341
46;Arcade;ArcadeCar;2119;17;17;42,37851;300;34,16489;75;7,456527;5;23;1,437962
47;Arcade;ArcadeCar;2121;17;17;42,42382;300;33,1384;75;4,603631;5;22;4,14554
48;Arcade;ArcadeCar;1787;17;17;35,73963;300;39,52831;75;3,913419;2;15;0,4453507
49;Arcade;ArcadeCar;2158;17;17;43,16218;300;32,55954;75;8,304444;4;18;4,155699
50;Arcade;ArcadeCar;2034;17;17;40,67476;300;35,44591;75;5,572682;6;21;1,993374
0;Arcade;ArcadeCar-00000;13888;17;17;277,762;300;5,558269;75;17,15285;3;23;225,023
1;Arcade;ArcadeCar-00000;2321;17;17;46,42139;300;31,19203;75;12,4493;1;16;0,04113139
2;Arcade;ArcadeCar-00000;4616;17;17;92,31694;300;15,79597;75;15,52846;6;17;39,69101
3;Arcade;ArcadeCar-00000;2618;17;17;52,35958;300;26,71252;75;18,46302;2;17;0,7048193
4;Arcade;ArcadeCar-00000;2514;17;17;50,2829;300;28,22948;75;14,76756;3;21;1,60199
5;Arcade;ArcadeCar-00000;2412;17;17;48,23893;300;30,201;75;12,86335;2;15;0,6006398
6;Arcade;ArcadeCar-00000;2717;17;17;54,34276;300;26,06479;75;17,25502;3;20;1,371115
7;Arcade;ArcadeCar-00000;2522;17;17;50,43378;300;27,89857;75;12,54969;4;21;2,781058
8;Arcade;ArcadeCar-00000;2687;17;17;53,74327;300;25,44858;75;19,77012;3;17;2,021073
9;Arcade;ArcadeCar-00000;2881;17;17;57,61586;300;24,24594;75;17,4949;7;17;3,667538
10;Arcade;ArcadeCar-00000;9228;17;17;184,5639;300;8,270451;75;29,21791;1;22;121,0453
11;Arcade;ArcadeCar-00000;14999;2;17;300;300;1,099123;75;0,2637842;1;20;294,4956
12;Arcade;ArcadeCar-00000;1993;17;17;39,83689;300;35,36507;75;8,450933;0;20;0
13;Arcade;ArcadeCar-00000;15000;12;17;300;300;3,799476;75;264,3081;2;20;258,4988
14;Arcade;ArcadeCar-00000;2438;17;17;48,75567;300;29,81053;75;13,31378;4;19;2,186928
15;Arcade;ArcadeCar-00000;15000;12;17;300;300;4,016037;75;15,18221;1;17;262,0948
16;Arcade;ArcadeCar-00000;3873;17;17;77,45451;300;19,12648;75;13,24535;9;22;25,52186
17;Arcade;ArcadeCar-00000;3298;17;17;65,69414;300;22,1209;75;18,17516;7;20;11,23439
18;Arcade;ArcadeCar-00000;3344;17;17;67,1435;300;21,77715;75;12,95385;3;20;18,32288
19;Arcade;ArcadeCar-00000;3180;17;17;63,60403;300;21,95595;75;18,62148;5;18;8,366788
20;Arcade;ArcadeCar-00000;15000;12;17;300;300;4,112363;75;267,8726;4;20;257,2997
21;Arcade;ArcadeCar-00000;2274;17;17;45,47633;300;31,5858;75;12,74176;0;19;0
22;Arcade;ArcadeCar-00000;15000;12;17;300;300;4,026776;75;261,3845;4;14;263,0561
23;Arcade;ArcadeCar-00000;8008;17;17;160,1503;300;9,423168;75;16,30166;2;18;110,0196
24;Arcade;ArcadeCar-00000;3133;17;17;62,66053;300;22,84179;75;15,14252;6;23;10,40055
25;Arcade;ArcadeCar-00000;15023;5;17;300;300;2,127585;75;1,371713;1;20;286,7066
26;Arcade;ArcadeCar-00000;2985;17;17;59,68503;300;22,95402;75;16,78692;3;18;8,464108
27;Arcade;ArcadeCar-00000;3186;17;17;63,72059;300;22,59629;75;16,25341;5;22;12,60971
28;Arcade;ArcadeCar-00000;15029;5;17;300;300;2,12645;75;0,2649298;1;16;287,4833
29;Arcade;ArcadeCar-00000;2490;17;17;49,78767;300;28,4851;75;11,45905;4;23;1,917064
30;Arcade;ArcadeCar-00000;14999;1;17;300;300;0,9232153;75;0,2553512;1;21;295,4973
31;Arcade;ArcadeCar-00000;2572;17;17;51,41384;300;27,88668;75;12,99395;2;20;5,264074
32;Arcade;ArcadeCar-00000;3314;17;17;65,75156;300;20,98144;75;19,7516;2;18;14,40513
33;Arcade;ArcadeCar-00000;14973;5;17;300;300;2,090607;75;2,597948;1;23;284,6119
34;Arcade;ArcadeCar-00000;3116;17;17;62,30151;300;23,69857;75;17,44889;4;21;9,100563
35;Arcade;ArcadeCar-00000;2361;17;17;47,22149;300;30,65435;75;5,179396;3;21;6,149714
36;Arcade;ArcadeCar-00000;2471;17;17;49,41972;300;29,00825;75;18,09452;0;21;0
37;Arcade;ArcadeCar-00000;14999;1;17;300;300;0,719982;75;0,2567564;1;19;296,8004
38;Arcade;ArcadeCar-00000;13508;17;17;270,1371;300;5,738091;75;21,44464;4;21;212,1086
39;Arcade;ArcadeCar-00000;2761;17;17;55,22241;300;25,81376;75;15,169;2;15;2,979827
40;Arcade;ArcadeCar-00000;15000;7;17;300;300;2,500148;75;2,152858;2;23;281,2849
41;Arcade;ArcadeCar-00000;3895;17;17;77,88873;300;18,71568;75;43,92573;1;22;27,9038
42;Arcade;ArcadeCar-00000;11720;17;17;234,397;300;6,566986;75;18,70588;2;17;185,5848
43;Arcade;ArcadeCar-00000;6321;17;17;126,422;300;11,89852;75;9,183175;3;18;81,69958
44;Arcade;ArcadeCar-00000;7732;17;17;154,641;300;9,819612;75;18,64196;6;19;99,72267
45;Arcade;ArcadeCar-00000;15000;16;17;300;300;4,958377;75;23,9039;2;21;245,9672
46;Arcade;ArcadeCar-00000;15000;7;17;300;300;2,497364;75;0,2610234;1;22;283,8644
47;Arcade;ArcadeCar-00000;3190;17;17;63,78531;300;22,68908;75;23,4733;2;21;6,168495
48;Arcade;ArcadeCar-00000;2950;17;17;58,99929;300;23,41256;75;23,9342;3;18;4,014326
49;Arcade;ArcadeCar-00000;4367;17;17;87,34486;300;16,60725;75;12,60986;3;18;37,95225
50;Arcade;ArcadeCar-00000;7409;17;17;148,1792;300;10,05149;75;16,11419;4;21;98,77168
0;Arcade;ArcadeCar-99953;15000;12;17;300;300;3,908693;75;8,943647;3;23;263,2991
1;Arcade;ArcadeCar-99953;5659;17;17;113,1773;300;13,15053;75;10,00015;5;23;64,19395
2;Arcade;ArcadeCar-99953;11390;17;17;227,795;300;6,75071;75;6,174589;4;19;181,432
3;Arcade;ArcadeCar-99953;2299;17;17;45,97942;300;31,21972;75;7,113183;2;22;0,7972722
4;Arcade;ArcadeCar-99953;2297;17;17;45,94038;300;31,58011;75;5,655818;2;21;2,403944
5;Arcade;ArcadeCar-99953;3189;17;17;63,78518;300;22,58857;75;6,658143;3;21;18,2853
6;Arcade;ArcadeCar-99953;2579;17;17;51,57111;300;28,39379;75;9,00157;3;21;5,107027
7;Arcade;ArcadeCar-99953;5802;17;17;116,047;300;12,63015;75;2,313001;3;17;74,69034
8;Arcade;ArcadeCar-99953;1997;17;17;39,9379;300;36,18366;75;4,974397;1;20;0,0189816
9;Arcade;ArcadeCar-99953;2525;17;17;50,50086;300;28,62552;75;15,05514;2;14;0,0767348
10;Arcade;ArcadeCar-99953;5222;17;17;104,4402;300;13,9195;75;8,646534;3;19;56,98211
11;Arcade;ArcadeCar-99953;15000;12;17;300;300;4,06703;75;269,5507;3;19;260,1919
12;Arcade;ArcadeCar-99953;2191;17;17;43,81181;300;33,03014;75;8,842225;3;21;0,164173
13;Arcade;ArcadeCar-99953;4907;17;17;98,14471;300;15,07615;75;3,155498;3;20;57,08303
14;Arcade;ArcadeCar-99953;2945;17;17;58,90023;300;24,89494;75;16,0585;3;21;8,79798
15;Arcade;ArcadeCar-99953;13998;17;17;279,9586;300;5,566873;75;11,62799;5;22;227,2803
16;Arcade;ArcadeCar-99953;2240;17;17;44,79575;300;31,35383;75;10,83335;1;13;0,119472
17;Arcade;ArcadeCar-99953;14999;14;17;300;300;4,531773;75;7,742032;3;21;255,6714
18;Arcade;ArcadeCar-99953;15001;3;17;300;300;1,366057;75;0,2552058;2;20;290,6437
19;Arcade;ArcadeCar-99953;2597;17;17;51,93078;300;27,35882;75;9,454783;2;18;5,13927
20;Arcade;ArcadeCar-99953;2727;17;17;54,53948;300;26,17583;75;12,94491;3;18;4,008056
21;Arcade;ArcadeCar-99953;14999;1;17;300;300;0,7189783;75;0,2774212;1;24;296,7933
22;Arcade;ArcadeCar-99953;12476;17;17;249,4891;300;6,167391;75;5,264864;2;20;207,8224
23;Arcade;ArcadeCar-99953;13399;17;17;267,9862;300;5,88863;75;6,432891;1;22;224,8077
24;Arcade;ArcadeCar-99953;3020;17;17;60,39954;300;24,09465;75;17,04868;4;19;7,689396
25;Arcade;ArcadeCar-99953;2209;17;17;44,1831;300;33,07743;75;4,712374;4;19;0,6281082
26;Arcade;ArcadeCar-99953;3716;17;17;74,31746;300;19,57755;75;6,761524;2;26;28,70498
27;Arcade;ArcadeCar-99953;2577;17;17;51,54463;300;27,76624;75;9,088251;5;20;3,669181
28;Arcade;ArcadeCar-99953;3252;17;17;65,03737;300;22,3641;75;13,14109;5;22;11,67317
29;Arcade;ArcadeCar-99953;14999;13;17;300;300;4,280699;75;8,914467;2;18;262,9561
30;Arcade;ArcadeCar-99953;2242;17;17;44,81798;300;32,08005;75;6,5639;2;21;0,8456358
31;Arcade;ArcadeCar-99953;2443;17;17;48,85116;300;29,51067;75;8,559058;3;17;2,129201
32;Arcade;ArcadeCar-99953;2782;17;17;55,64965;300;25,22892;75;11,68205;5;18;6,823061
33;Arcade;ArcadeCar-99953;2557;17;17;51,1375;300;28,31739;75;10,6054;4;22;1,761279
34;Arcade;ArcadeCar-99953;4868;17;17;97,36092;300;15,02467;75;4,556941;3;20;53,72025
35;Arcade;ArcadeCar-99953;2283;17;17;45,66329;300;31,35766;75;11,96792;0;22;0
36;Arcade;ArcadeCar-99953;2673;17;17;53,45331;300;26,41117;75;15,7802;3;22;3,119987
37;Arcade;ArcadeCar-99953;2671;17;17;53,4204;300;26,81938;75;13,92216;2;19;4,702607
38;Arcade;ArcadeCar-99953;2086;17;17;41,72121;300;34,33043;75;6,324477;1;22;0,06014881
39;Arcade;ArcadeCar-99953;15000;7;17;300;300;2,470946;75;0,2595834;4;22;279,7427
40;Arcade;ArcadeCar-99953;2435;17;17;48,69242;300;29,60105;75;14,28398;3;21;0,3010196
41;Arcade;ArcadeCar-99953;2771;17;17;55,41993;300;26,42912;75;6,85724;3;23;9,408698
42;Arcade;ArcadeCar-99953;2183;17;17;43,66038;300;32,36547;75;10,31258;1;15;0,01902041
43;Arcade;ArcadeCar-99953;2172;17;17;43,4409;300;33,61414;75;5,967766;5;17;0,4756606
44;Arcade;ArcadeCar-99953;14999;12;17;300;300;4,040427;75;5,418568;3;23;265,0086
45;Arcade;ArcadeCar-99953;2240;17;17;44,78307;300;32,10909;75;11,69447;0;18;0
46;Arcade;ArcadeCar-99953;2483;17;17;49,65649;300;29,15486;75;9,791486;1;13;5,18714
47;Arcade;ArcadeCar-99953;2475;17;17;49,50173;300;29,60567;75;9,656313;3;16;1,94207
48;Arcade;ArcadeCar-99953;1807;17;17;36,14145;300;39,60791;75;2,866961;0;20;0
49;Arcade;ArcadeCar-99953;15000;8;17;300;300;2,890539;75;4,012766;2;19;276,2126
50;Arcade;ArcadeCar-99953;2570;17;17;51,39611;300;27,7088;75;10,44903;2;22;4,56104
0;Arcade;ArcadeCar-199882;2713;17;17;54,2549;300;26,46103;75;4,085705;2;22;11,79935
1;Arcade;ArcadeCar-199882;2282;17;17;45,64371;300;31,43339;75;6,536468;3;23;1,602058
2;Arcade;ArcadeCar-199882;5112;17;17;102,237;300;14,37232;75;4,735225;6;22;57,45414
3;Arcade;ArcadeCar-199882;2092;17;17;41,84271;300;34,68869;75;3,257284;3;20;1,610415
4;Arcade;ArcadeCar-199882;9669;17;17;193,3777;300;7,631349;75;15,27948;4;18;144,4011
5;Arcade;ArcadeCar-199882;2538;17;17;50,75668;300;28,16309;75;14,39765;2;15;0,7026934
6;Arcade;ArcadeCar-199882;9145;17;17;182,9;300;8,263224;75;6,805974;6;23;138,2804
7;Arcade;ArcadeCar-199882;2048;17;17;40,96366;300;35,45451;75;4,656627;4;17;0,164211
8;Arcade;ArcadeCar-199882;2055;17;17;41,09951;300;34,97512;75;7,65237;0;20;0
9;Arcade;ArcadeCar-199882;2891;17;17;57,81956;300;24,87877;75;14,93723;5;24;4,342125
10;Arcade;ArcadeCar-199882;2388;17;17;47,75908;300;30,12519;75;3,281149;5;20;5,563938
11;Arcade;ArcadeCar-199882;11616;17;17;232,3202;300;6,634795;75;8,505926;2;19;188,7822
12;Arcade;ArcadeCar-199882;2296;17;17;45,9228;300;31,88157;75;7,069521;4;17;1,5752
13;Arcade;ArcadeCar-199882;3006;17;17;60,12111;300;24,43578;75;9,28574;6;21;10,40847
14;Arcade;ArcadeCar-199882;2092;17;17;41,84135;300;34,58868;75;2,824376;1;18;3,092433
15;Arcade;ArcadeCar-199882;2143;17;17;42,85816;300;33,90126;75;3,917285;2;17;1,844951
16;Arcade;ArcadeCar-199882;2072;17;17;41,44232;300;34,90945;75;4,669736;3;18;0,9628791
17;Arcade;ArcadeCar-199882;2468;17;17;49,35651;300;29,91896;75;7,531484;2;22;4,853659
18;Arcade;ArcadeCar-199882;15000;13;17;300;300;4,266574;75;11,98078;2;22;262,9905
19;Arcade;ArcadeCar-199882;3716;17;17;74,31184;300;19,56627;75;8,16148;5;21;26,44996
20;Arcade;ArcadeCar-199882;4962;17;17;99,24615;300;14,65146;75;9,53926;3;22;51,12027
21;Arcade;ArcadeCar-199882;2654;17;17;53,07487;300;27,12246;75;9,799907;3;17;5,919757
22;Arcade;ArcadeCar-199882;8946;17;17;178,9196;300;8,48359;75;135,8996;5;20;134,0857
23;Arcade;ArcadeCar-199882;2053;17;17;41,05997;300;34,37352;75;7,739774;3;18;0,186295
24;Arcade;ArcadeCar-199882;2167;17;17;43,33932;300;33,28308;75;4,659357;1;19;2,955913
25;Arcade;ArcadeCar-199882;14999;1;17;300;300;0,7187621;75;0,261519;1;20;297,035
26;Arcade;ArcadeCar-199882;2554;17;17;51,05352;300;28,21957;75;4,955653;3;16;5,982106
27;Arcade;ArcadeCar-199882;2162;17;17;43,24137;300;33,02081;75;5,093431;4;23;2,298007
28;Arcade;ArcadeCar-199882;2125;17;17;42,26572;300;33,5365;75;4,041603;3;21;1,854722
29;Arcade;ArcadeCar-199882;1971;17;17;39,65678;300;36,99427;75;3,692224;1;14;0
30;Arcade;ArcadeCar-199882;2153;17;17;43,05946;300;33,77481;75;3,017195;2;19;2,281812
31;Arcade;ArcadeCar-199882;1943;17;17;38,86095;300;37,24405;75;4,568508;0;15;0
32;Arcade;ArcadeCar-199882;2590;17;17;51,79584;300;28,03748;75;7,195059;4;17;6,769007
33;Arcade;ArcadeCar-199882;2779;17;17;55,58019;300;25,10756;75;16,57312;2;18;6,596134
34;Arcade;ArcadeCar-199882;2218;17;17;44,35938;300;32,1675;75;7,455993;1;22;1,183626
35;Arcade;ArcadeCar-199882;2209;17;17;44,18441;300;32,98891;75;8,461326;2;18;0,3514653
36;Arcade;ArcadeCar-199882;2398;17;17;47,96171;300;29,51502;75;8,65053;3;20;2,369399
37;Arcade;ArcadeCar-199882;2215;17;17;44,29467;300;32,79601;75;7,963976;2;17;1,984695
38;Arcade;ArcadeCar-199882;2082;17;17;41,64398;300;34,74621;75;3,807794;2;19;1,116758
39;Arcade;ArcadeCar-199882;2986;17;17;59,71527;300;23,71878;75;10,12098;3;22;13,91242
40;Arcade;ArcadeCar-199882;2076;17;17;41,52029;300;35,26276;75;4,017115;3;22;1,993488
41;Arcade;ArcadeCar-199882;5618;17;17;111,8681;300;13,10003;75;55,4114;6;19;64,71917
42;Arcade;ArcadeCar-199882;2682;17;17;54,13708;300;26,64682;75;8,206382;3;26;7,882317
43;Arcade;ArcadeCar-199882;2190;17;17;43,80093;300;33,26048;75;7,152031;3;23;0,0861176
44;Arcade;ArcadeCar-199882;3341;17;17;66,81534;300;22,20844;75;3,501581;4;23;21,02197
45;Arcade;ArcadeCar-199882;14242;17;17;284,8419;300;5,548287;75;5,405615;3;20;241,7638
46;Arcade;ArcadeCar-199882;2325;17;17;46,50082;300;31,02098;75;4,959337;3;19;4,489963
47;Arcade;ArcadeCar-199882;14999;10;17;300;300;3,376392;75;2,720119;1;10;276,8336
48;Arcade;ArcadeCar-199882;4721;17;17;94,3996;300;15,66833;75;39,72066;6;17;44,23043
49;Arcade;ArcadeCar-199882;3028;17;17;60,55842;300;24,0407;75;16,55341;5;18;7,939536
50;Arcade;ArcadeCar-199882;2499;17;17;49,98287;300;28,8413;75;4,380067;4;20;5,745364
0;Arcade;ArcadeCar-299931;2092;17;17;41,83467;300;34,3147;75;4,067081;4;19;0,7685683
1;Arcade;ArcadeCar-299931;2165;17;17;43,30017;300;33,36781;75;4,303186;3;18;4,02195
2;Arcade;ArcadeCar-299931;2205;17;17;44,10128;300;32,53808;75;5,050075;3;22;3,433184
3;Arcade;ArcadeCar-299931;2026;17;17;40,38435;300;35,21469;75;6,430769;1;16;0,1177264
4;Arcade;ArcadeCar-299931;2457;17;17;49,27776;300;28,7016;75;9,539678;3;18;3,683661
5;Arcade;ArcadeCar-299931;2065;17;17;41,2976;300;34,48206;75;4,689425;3;20;0,5085229
6;Arcade;ArcadeCar-299931;2299;17;17;45,97894;300;31,86355;75;4,21855;1;21;4,812868
7;Arcade;ArcadeCar-299931;3012;17;17;60,2405;300;23,77953;75;13,48072;3;19;11,62909
8;Arcade;ArcadeCar-299931;1918;17;17;38,36007;300;37,40627;75;3,903297;1;19;0
9;Arcade;ArcadeCar-299931;2263;17;17;45,26231;300;32,22195;75;8,372488;4;24;2,214027
10;Arcade;ArcadeCar-299931;2201;17;17;44,0224;300;32,16563;75;9,288871;2;16;2,979588
11;Arcade;ArcadeCar-299931;2279;17;17;45,57958;300;31,35743;75;4,615942;3;20;3,075938
12;Arcade;ArcadeCar-299931;2672;17;17;53,32074;300;26,87463;75;5,480842;3;21;10,06091
13;Arcade;ArcadeCar-299931;2112;17;17;42,3592;300;33,7104;75;3,444472;3;23;1,533577
14;Arcade;ArcadeCar-299931;2157;17;17;43,13795;300;33,25999;75;6,879304;2;15;0,8250077
15;Arcade;ArcadeCar-299931;2367;17;17;47,33926;300;29,95811;75;10,1861;2;20;1,353313
16;Arcade;ArcadeCar-299931;2697;17;17;53,36457;300;25,87846;75;15,67575;3;21;3,598108
17;Arcade;ArcadeCar-299931;2688;17;17;54,335;300;25,56874;75;17,15826;2;19;1,686698
18;Arcade;ArcadeCar-299931;2180;17;17;43,60267;300;33,32539;75;7,369816;4;18;1,723963
19;Arcade;ArcadeCar-299931;15000;2;17;300;300;1,255829;75;293,8612;1;21;293,3408
20;Arcade;ArcadeCar-299931;2213;17;17;44,25591;300;32,02532;75;9,334946;3;20;0,9948276
21;Arcade;ArcadeCar-299931;4588;17;17;91,75573;300;16,12361;75;7,84481;4;22;46,66896
22;Arcade;ArcadeCar-299931;2224;17;17;44,47967;300;32,29676;75;10,06827;1;20;3,424369
23;Arcade;ArcadeCar-299931;2465;17;17;49,29923;300;28,6491;75;8,390852;4;17;2,403671
24;Arcade;ArcadeCar-299931;2366;17;17;47,30797;300;29,67859;75;8,432073;4;19;1,360373
25;Arcade;ArcadeCar-299931;3408;17;17;68,17451;300;21,11443;75;8,578875;3;19;24,23662
26;Arcade;ArcadeCar-299931;2285;17;17;45,70129;300;31,45476;75;3,696355;1;16;5,257922
27;Arcade;ArcadeCar-299931;2099;17;17;41,38172;300;33,94576;75;6,469998;1;16;0,0449896
28;Arcade;ArcadeCar-299931;2337;17;17;47,34065;300;30,07689;75;8,735547;3;17;2,984239
29;Arcade;ArcadeCar-299931;2228;17;17;44,55346;300;32,68574;75;5,615096;1;19;3,602364
30;Arcade;ArcadeCar-299931;2326;17;17;46,52159;300;30,43731;75;6,05297;5;22;2,703095
31;Arcade;ArcadeCar-299931;2376;17;17;47,52231;300;30,29183;75;7,92844;2;19;5,145661
32;Arcade;ArcadeCar-299931;2969;17;17;59,38245;300;24,62253;75;5,525141;4;19;12,83948
33;Arcade;ArcadeCar-299931;1957;17;17;38,81407;300;35,83595;75;4,232193;1;19;0,04325501
34;Arcade;ArcadeCar-299931;2338;17;17;47,08529;300;30,43351;75;6,762281;2;18;1,674266
35;Arcade;ArcadeCar-299931;2139;17;17;42,78009;300;33,7928;75;6,31546;2;22;0,2516428
36;Arcade;ArcadeCar-299931;2204;17;17;44,07996;300;32,71386;75;5,82478;3;21;1,957904
37;Arcade;ArcadeCar-299931;2667;17;17;53,33909;300;26,62878;75;5,185818;5;20;7,630794
38;Arcade;ArcadeCar-299931;2597;17;17;51,9367;300;27,84293;75;6,504594;3;22;8,973934
39;Arcade;ArcadeCar-299931;11110;17;17;222,1977;300;6,888841;75;3,223555;2;17;183,3299
40;Arcade;ArcadeCar-299931;2486;17;17;49,72575;300;29,26149;75;9,656836;3;21;2,450116
41;Arcade;ArcadeCar-299931;1990;17;17;39,79601;300;35,45071;75;7,164322;0;16;0
42;Arcade;ArcadeCar-299931;2125;17;17;42,49761;300;33,8646;75;5,762136;3;22;1,661223
43;Arcade;ArcadeCar-299931;2659;17;17;53,18407;300;26,90405;75;9,12666;4;17;10,78737
44;Arcade;ArcadeCar-299931;2583;17;17;51,65837;300;27,68199;75;9,258151;6;19;3,050669
45;Arcade;ArcadeCar-299931;2116;17;17;42,32227;300;33,93727;75;4,808105;3;18;0,884594
46;Arcade;ArcadeCar-299931;2122;17;17;42,44165;300;33,92375;75;6,401971;2;20;0,8991241
47;Arcade;ArcadeCar-299931;1852;17;17;37,03339;300;38,89545;75;3,185336;1;21;0,2157926
48;Arcade;ArcadeCar-299931;3536;17;17;70,72091;300;20,66734;75;4,657602;2;21;29,81555
49;Arcade;ArcadeCar-299931;2341;17;17;46,82192;300;31,11641;75;5,669472;2;18;4,242008
50;Arcade;ArcadeCar-299931;2034;17;17;40,68364;300;35,5731;75;2,581303;1;20;1,457022
0;Arcade;ArcadeCar-399980;2048;17;17;40,95464;300;35,02346;75;6,888999;1;17;0,0818888
1;Arcade;ArcadeCar-399980;1957;17;17;39,14267;300;36,36372;75;4,13985;3;22;0,5387375
2;Arcade;ArcadeCar-399980;2502;17;17;50,03755;300;29,14832;75;8,295412;3;19;4,135138
3;Arcade;ArcadeCar-399980;2302;17;17;46,0407;300;30,77178;75;4,939642;3;22;5,118809
4;Arcade;ArcadeCar-399980;1935;17;17;38,69735;300;37,15841;75;5,338945;1;21;0,0610902
5;Arcade;ArcadeCar-399980;1874;17;17;37,4845;300;38,5331;75;3,722859;1;20;0,1571984
6;Arcade;ArcadeCar-399980;2357;17;17;47,13913;300;30,42359;75;3,235346;3;18;6,078856
7;Arcade;ArcadeCar-399980;1928;17;17;38,56324;300;37,61597;75;4,125343;2;17;0,1677104
8;Arcade;ArcadeCar-399980;2683;17;17;53,65398;300;26,78859;75;7,85994;4;20;8,622355
9;Arcade;ArcadeCar-399980;2089;17;17;41,77958;300;34,14471;75;9,486559;1;17;0,16197
10;Arcade;ArcadeCar-399980;3131;17;17;62,62415;300;23,09209;75;3,255894;4;22;20,51087
11;Arcade;ArcadeCar-399980;1895;17;17;37,8996;300;37,43129;75;4,348978;1;13;0,3367306
12;Arcade;ArcadeCar-399980;2045;17;17;40,9016;300;34,75632;75;3,492306;4;16;2,853012
13;Arcade;ArcadeCar-399980;2293;17;17;45,85718;300;31,35103;75;5,584233;4;21;4,28389
14;Arcade;ArcadeCar-399980;10410;17;17;208,2024;300;7,285386;75;5,263047;4;24;166,573
15;Arcade;ArcadeCar-399980;3672;17;17;73,43711;300;19,85812;75;3,051128;5;20;28,76612
16;Arcade;ArcadeCar-399980;13095;17;17;261,8983;300;5,970767;75;4,51515;3;20;220,9253
17;Arcade;ArcadeCar-399980;5462;17;17;109,2439;300;13,33295;75;9,507622;3;20;64,26917
18;Arcade;ArcadeCar-399980;15000;14;17;300;300;4,453833;75;3,34422;2;16;267,3616
19;Arcade;ArcadeCar-399980;1932;17;17;38,63156;300;37,05914;75;4,067706;2;19;0,07269701
20;Arcade;ArcadeCar-399980;2397;17;17;47,93986;300;30,23596;75;4,012458;5;23;5,132477
21;Arcade;ArcadeCar-399980;2412;17;17;48,24005;300;28,66052;75;5,716536;3;18;7,450644
22;Arcade;ArcadeCar-399980;15000;2;17;300;300;1,259048;75;280,3164;1;17;293,2127
23;Arcade;ArcadeCar-399980;2257;17;17;44,7419;300;31,20479;75;5,223936;4;16;3,439768
24;Arcade;ArcadeCar-399980;1959;17;17;39,57481;300;36,50669;75;4,536092;2;20;1,263357
25;Arcade;ArcadeCar-399980;2749;17;17;54,97744;300;26,14176;75;3,335591;2;24;15,62684
26;Arcade;ArcadeCar-399980;2200;17;17;43,99764;300;32,87594;75;6,101512;2;19;3,169809
27;Arcade;ArcadeCar-399980;4345;17;17;86,90533;300;16,53283;75;6,590021;5;22;42,21179
28;Arcade;ArcadeCar-399980;6139;17;17;122,7804;300;11,62941;75;18,2041;9;24;64,15733
29;Arcade;ArcadeCar-399980;2013;17;17;40,26002;300;35,13149;75;3,834334;2;19;1,51722
30;Arcade;ArcadeCar-399980;2106;17;17;42,11769;300;34,33887;75;2,152022;3;17;2,956688
31;Arcade;ArcadeCar-399980;1995;17;17;39,90128;300;36,65438;75;3,201161;4;20;0,5975453
32;Arcade;ArcadeCar-399980;1964;17;17;39,28249;300;36,24891;75;2,986052;2;21;0,64825
33;Arcade;ArcadeCar-399980;2365;17;17;47,29629;300;30,02501;75;5,833126;4;21;7,667661
34;Arcade;ArcadeCar-399980;1895;17;17;37,89904;300;38,03285;75;5,000554;1;20;0,0447754
35;Arcade;ArcadeCar-399980;1913;17;17;38,26445;300;37,7656;75;6,161457;0;20;0
36;Arcade;ArcadeCar-399980;2121;17;17;42,41972;300;33,69203;75;2,143668;3;18;3,584185
37;Arcade;ArcadeCar-399980;2236;17;17;44,71665;300;31,36319;75;7,324838;2;19;3,129937
38;Arcade;ArcadeCar-399980;2368;17;17;47,36331;300;30,3509;75;4,066791;4;18;6,855774
39;Arcade;ArcadeCar-399980;1925;17;17;38,49827;300;37,03812;75;2,6468;1;17;1,516978
40;Arcade;ArcadeCar-399980;2994;17;17;59,88105;300;23,96338;75;7,566084;4;22;12,94425
41;Arcade;ArcadeCar-399980;2035;17;17;40,34062;300;35,14983;75;7,301117;1;17;0
42;Arcade;ArcadeCar-399980;1887;17;17;38,09701;300;37,8245;75;4,94962;1;17;0,0214156
43;Arcade;ArcadeCar-399980;2019;17;17;40,38351;300;34,63847;75;8,878483;0;18;0
44;Arcade;ArcadeCar-399980;1861;17;17;37,21564;300;38,38181;75;6,579011;1;19;0,02146519
45;Arcade;ArcadeCar-399980;3137;17;17;62,73899;300;23,24479;75;21,83652;4;20;20,50592
46;Arcade;ArcadeCar-399980;1783;17;17;35,66338;300;39,25549;75;4,712914;0;23;0
47;Arcade;ArcadeCar-399980;2183;17;17;43,66141;300;33,76743;75;6,378701;2;17;1,363094
48;Arcade;ArcadeCar-399980;2416;17;17;48,31771;300;29,73279;75;5,933034;5;23;4,518557
49;Arcade;ArcadeCar-399980;2265;17;17;45,29849;300;30,8486;75;8,617325;3;21;2,622386
50;Arcade;ArcadeCar-399980;2438;17;17;48,76292;300;29,70041;75;7,494368;4;22;4,124334
0;Arcade;ArcadeCar-499912;2048;17;17;40,95802;300;35,43889;75;2,97253;2;20;2,596126
1;Arcade;ArcadeCar-499912;1849;17;17;36,98037;300;38,3496;75;4,818038;1;19;0,02351179
2;Arcade;ArcadeCar-499912;9436;17;17;188,7164;300;8,012911;75;2,584071;1;21;151,7896
3;Arcade;ArcadeCar-499912;1777;17;17;35,54386;300;40,21275;75;3,303575;0;20;0
4;Arcade;ArcadeCar-499912;1912;17;17;38,23729;300;37,34422;75;2,632793;2;17;0,7573447
5;Arcade;ArcadeCar-499912;15000;1;17;300;300;0,9076837;75;0,2624168;2;19;294,9268
6;Arcade;ArcadeCar-499912;1943;17;17;38,85629;300;36,5022;75;2,139746;4;18;0,4232446
7;Arcade;ArcadeCar-499912;2818;17;17;56,35807;300;25,78175;75;4,059584;5;19;13,0764
8;Arcade;ArcadeCar-499912;2091;17;17;41,82136;300;34,3425;75;3,370442;2;16;2,2661
9;Arcade;ArcadeCar-499912;1801;17;17;36,01762;300;39,53447;75;3,738138;0;17;0
10;Arcade;ArcadeCar-499912;1792;17;17;35,83979;300;39,42037;75;4,054188;0;18;0
11;Arcade;ArcadeCar-499912;2086;17;17;41,72198;300;34,19432;75;3,877267;3;20;1,804091
12;Arcade;ArcadeCar-499912;6016;17;17;120,3189;300;12,27825;75;78,06209;6;23;76,02237
13;Arcade;ArcadeCar-499912;2363;17;17;47,26239;300;30,54508;75;6,748103;3;18;3,745601
14;Arcade;ArcadeCar-499912;2360;17;17;47,20075;300;30,44668;75;7,35722;2;17;4,155319
15;Arcade;ArcadeCar-499912;1813;17;17;36,2592;300;39,13489;75;4,220072;0;21;0
16;Arcade;ArcadeCar-499912;2464;17;17;49,28054;300;28,81158;75;5,628989;5;15;6,104793
17;Arcade;ArcadeCar-499912;1920;17;17;38,39395;300;37,43127;75;2,979855;1;19;0,4820192
18;Arcade;ArcadeCar-499912;1829;17;17;36,58154;300;38,89927;75;3,53285;0;15;0
19;Arcade;ArcadeCar-499912;1990;17;17;39,79973;300;35,59281;75;1,839334;4;16;1,257874
20;Arcade;ArcadeCar-499912;2021;17;17;40,42105;300;35,60947;75;6,143614;1;19;1,098509
21;Arcade;ArcadeCar-499912;2484;17;17;49,6781;300;28,93799;75;10,80848;3;16;2,622424
22;Arcade;ArcadeCar-499912;2147;17;17;42,94213;300;33,2178;75;2,128804;3;21;3,106541
23;Arcade;ArcadeCar-499912;1909;17;17;38,1806;300;36,68175;75;6,86725;1;18;0,02273299
24;Arcade;ArcadeCar-499912;1933;17;17;38,07358;300;36,81067;75;5,361949;0;24;0
25;Arcade;ArcadeCar-499912;9180;17;17;184,1852;300;8,020893;75;13,5538;5;19;133,9693
26;Arcade;ArcadeCar-499912;2684;17;17;53,67926;300;26,74772;75;9,495458;4;21;8,140991
27;Arcade;ArcadeCar-499912;2373;17;17;47,28686;300;29,53431;75;9,266622;2;19;4,337204
28;Arcade;ArcadeCar-499912;2640;17;17;52,97293;300;27,34124;75;4,362359;5;18;8,62145
29;Arcade;ArcadeCar-499912;2596;17;17;51,92461;300;27,34599;75;12,55996;4;20;5,227451
30;Arcade;ArcadeCar-499912;2300;17;17;45,99471;300;31,00438;75;5,645831;3;20;2,443641
31;Arcade;ArcadeCar-499912;4711;17;17;94,2224;300;15,37367;75;4,303741;4;23;52,22153
32;Arcade;ArcadeCar-499912;1945;17;17;38,89837;300;36,52681;75;4,423532;1;22;0,03783979
33;Arcade;ArcadeCar-499912;2151;17;17;43,02293;300;32,99787;75;8,924347;2;21;2,36583
34;Arcade;ArcadeCar-499912;2510;17;17;50,19728;300;28,55787;75;5,919435;5;23;3,916624
35;Arcade;ArcadeCar-499912;2044;17;17;40,88155;300;35,10021;75;1,906644;2;16;3,31966
36;Arcade;ArcadeCar-499912;2286;17;17;45,72213;300;30,94735;75;10,24618;3;23;0,7138124
37;Arcade;ArcadeCar-499912;7515;17;17;150,3012;300;9,947781;75;6,447416;2;19;108,5747
38;Arcade;ArcadeCar-499912;2181;17;17;43,61796;300;32,64782;75;4,953306;1;18;3,931211
39;Arcade;ArcadeCar-499912;10486;17;17;209,7221;300;7,370762;75;4,514441;7;20;164,1938
40;Arcade;ArcadeCar-499912;2004;17;17;40,07434;300;36,38119;75;2,538505;1;23;1,754133
41;Arcade;ArcadeCar-499912;2178;17;17;43,56208;300;32,47773;75;4,996231;5;21;2,223025
42;Arcade;ArcadeCar-499912;2093;17;17;41,8593;300;34,0994;75;3,014484;5;17;2,521379
43;Arcade;ArcadeCar-499912;2262;17;17;45,23979;300;31,5711;75;8,800457;2;20;1,217452
44;Arcade;ArcadeCar-499912;2088;17;17;41,76303;300;34,58021;75;6,296202;2;17;1,322245
45;Arcade;ArcadeCar-499912;1999;17;17;39,97978;300;35,9789;75;3,296001;3;18;0,549816
46;Arcade;ArcadeCar-499912;2120;17;17;42,39825;300;33,84178;75;5,221148;2;16;2,135695
47;Arcade;ArcadeCar-499912;2593;17;17;51,86009;300;27,80722;75;6,365245;4;15;9,074111
48;Arcade;ArcadeCar-499912;2002;17;17;40,04304;300;36,12178;75;3,820814;3;15;1,276866
49;Arcade;ArcadeCar-499912;1877;17;17;37,5377;300;37,83853;75;4,589368;1;18;0,07835221
50;Arcade;ArcadeCar-499912;2238;17;17;44,76218;300;32,29591;75;4,230146;3;20;3,900231
0;Arcade;ArcadeCar-599966;2236;17;17;44,71952;300;32,05836;75;10,95428;1;19;0,263343
1;Arcade;ArcadeCar-599966;2138;17;17;42,7558;300;33,63075;75;5,443553;4;22;0,7793
2;Arcade;ArcadeCar-599966;2096;17;17;41,92155;300;34,42491;75;4,938744;3;16;0,9181058
3;Arcade;ArcadeCar-599966;4823;17;17;96,46131;300;15,11609;75;6,249135;3;19;55,3319
4;Arcade;ArcadeCar-599966;1977;17;17;39,53971;300;35,96466;75;3,561772;2;18;2,047781
5;Arcade;ArcadeCar-599966;4749;17;17;94,97739;300;15,33338;75;2,140315;4;23;57,21569
6;Arcade;ArcadeCar-599966;1965;17;17;39,21947;300;36,82334;75;4,553453;2;23;1,500391
7;Arcade;ArcadeCar-599966;14995;13;17;300;300;4,279539;75;50,55726;6;19;263,4384
8;Arcade;ArcadeCar-599966;2340;17;17;46,18284;300;31,29817;75;7,418034;5;20;0,9446311
9;Arcade;ArcadeCar-599966;2024;17;17;41,08247;300;35,50853;75;5,804745;2;20;2,366037
10;Arcade;ArcadeCar-599966;1753;17;17;35,06165;300;41,26464;75;2,999179;2;16;0,07629221
11;Arcade;ArcadeCar-599966;2664;17;17;53,27995;300;27,36245;75;20,55934;1;19;14,93702
12;Arcade;ArcadeCar-599966;2498;17;17;49,95885;300;28,08859;75;9,132067;5;19;8,815598
13;Arcade;ArcadeCar-599966;1825;17;17;36,49724;300;39,43601;75;5,239158;0;22;0
14;Arcade;ArcadeCar-599966;2084;17;17;41,67777;300;34,04943;75;6,852526;3;21;0,479372
15;Arcade;ArcadeCar-599966;2535;17;17;50,70354;300;28,77074;75;5,11995;2;22;10,56492
16;Arcade;ArcadeCar-599966;2021;17;17;40,4229;300;35,90011;75;3,542795;3;20;1,173812
17;Arcade;ArcadeCar-599966;2299;17;17;45,97876;300;31,56927;75;7,187819;3;17;3,177151
18;Arcade;ArcadeCar-599966;1919;17;17;38,37616;300;37,254;75;2,68535;3;21;0,5043522
19;Arcade;ArcadeCar-599966;2234;17;17;44,68314;300;31,97816;75;5,125925;4;16;3,76702
20;Arcade;ArcadeCar-599966;2997;17;17;59,94198;300;24,27354;75;7,587234;4;23;14,65059
21;Arcade;ArcadeCar-599966;2064;17;17;41,27755;300;34,47604;75;7,054008;3;21;1,188275
22;Arcade;ArcadeCar-599966;2073;17;17;41,08084;300;34,46662;75;4,882172;2;20;0,9950397
23;Arcade;ArcadeCar-599966;2496;17;17;50,29636;300;29,05125;75;9,678712;5;21;2,482462
24;Arcade;ArcadeCar-599966;10870;17;17;217,4041;300;7,014976;75;4,766665;6;23;174,1487
25;Arcade;ArcadeCar-599966;15000;12;17;300;300;4,126557;75;1,676979;2;17;271,978
26;Arcade;ArcadeCar-599966;2172;17;17;43,43474;300;32,80864;75;3,287565;4;17;2,317294
27;Arcade;ArcadeCar-599966;2489;17;17;49,78038;300;29,13718;75;9,591116;4;15;3,902359
28;Arcade;ArcadeCar-599966;2473;17;17;49,4558;300;28,18214;75;12,9975;3;21;1,757543
29;Arcade;ArcadeCar-599966;2213;17;17;44,26218;300;33,04076;75;10,22324;3;20;0,05165198
30;Arcade;ArcadeCar-599966;1858;17;17;37,1605;300;38,75793;75;2,774298;1;18;0,9041597
31;Arcade;ArcadeCar-599966;2013;17;17;39,68542;300;36,06264;75;4,290597;3;19;2,042162
32;Arcade;ArcadeCar-599966;1945;17;17;39,47311;300;36,81789;75;5,715923;1;16;0,2606134
33;Arcade;ArcadeCar-599966;2024;17;17;40,48353;300;35,45275;75;2,997311;3;20;1,644633
34;Arcade;ArcadeCar-599966;2004;17;17;40,07663;300;36,01005;75;4,849738;2;22;1,044897
35;Arcade;ArcadeCar-599966;3278;17;17;65,40286;300;22,3944;75;8,953082;3;16;27,21262
36;Arcade;ArcadeCar-599966;2189;17;17;43,94097;300;32,63305;75;6,886008;2;22;1,651509
37;Arcade;ArcadeCar-599966;2003;17;17;40,05818;300;35,59284;75;5,191498;3;18;0,9065235
38;Arcade;ArcadeCar-599966;2139;17;17;42,77811;300;33,47144;75;7,138471;2;20;1,155776
39;Arcade;ArcadeCar-599966;2161;17;17;43,22117;300;33,37047;75;4,75351;4;16;1,426657
40;Arcade;ArcadeCar-599966;1798;17;17;35,96162;300;39,76564;75;4,981781;0;18;0
41;Arcade;ArcadeCar-599966;2581;17;17;51,62127;300;27,85425;75;5,701366;4;27;8,894828
42;Arcade;ArcadeCar-599966;2057;17;17;41,13812;300;34,69187;75;5,556416;2;21;0,8637513
43;Arcade;ArcadeCar-599966;2016;17;17;40,31821;300;35,37288;75;4,61948;2;20;1,056558
44;Arcade;ArcadeCar-599966;2180;17;17;43,60025;300;33,18339;75;7,202243;4;20;1,017045
45;Arcade;ArcadeCar-599966;1987;17;17;39,73806;300;35,71823;75;2,72876;4;16;1,487793
46;Arcade;ArcadeCar-599966;2136;17;17;42,722;300;33,71741;75;4,083073;3;19;3,039154
47;Arcade;ArcadeCar-599966;1985;17;17;39,69675;300;36,30497;75;4,138192;2;15;2,042434
48;Arcade;ArcadeCar-599966;2574;17;17;51,48463;300;27,95286;75;9,555905;3;23;7,001013
49;Arcade;ArcadeCar-599966;4299;17;17;85,97932;300;16,88785;75;17,6414;2;16;49,06248
50;Arcade;ArcadeCar-599966;1813;17;17;35,83782;300;39,48177;75;3,252268;1;19;0
0;Arcade;ArcadeCar-699977;2097;17;17;42,3639;300;34,15976;75;4,978488;2;22;2,346123
1;Arcade;ArcadeCar-699977;2361;17;17;46,7123;300;30,52694;75;8,986935;5;21;2,239798
2;Arcade;ArcadeCar-699977;2048;17;17;41,46514;300;35,30912;75;6,459805;3;20;0,6597965
3;Arcade;ArcadeCar-699977;2294;17;17;45,87756;300;31,40234;75;7,377744;5;22;1,309762
4;Arcade;ArcadeCar-699977;2221;17;17;44,41927;300;32,58462;75;9,421617;1;25;1,744855
5;Arcade;ArcadeCar-699977;2351;17;17;47,02148;300;29,85447;75;9,093357;3;20;4,482699
6;Arcade;ArcadeCar-699977;2139;17;17;42,78322;300;32,97567;75;9,625923;1;20;1,137839
7;Arcade;ArcadeCar-699977;2111;17;17;42,22043;300;34,41311;75;2,770396;4;19;2,914814
8;Arcade;ArcadeCar-699977;1880;17;17;37,59777;300;37,53777;75;6,105585;2;17;0,1775408
9;Arcade;ArcadeCar-699977;1872;17;17;37,43719;300;38,39214;75;5,733525;0;23;0
10;Arcade;ArcadeCar-699977;1832;17;17;36,64588;300;39,75354;75;4,157063;1;19;0,0637322
11;Arcade;ArcadeCar-699977;1963;17;17;39,25597;300;36,87374;75;3,399944;1;17;1,255709
12;Arcade;ArcadeCar-699977;5955;17;17;119,1044;300;12,58625;75;85,22187;1;16;80,15438
13;Arcade;ArcadeCar-699977;1785;17;17;35,69372;300;39,84171;75;3,598567;1;20;0,015043
14;Arcade;ArcadeCar-699977;2520;17;17;49,91745;300;28,75002;75;4,540129;4;21;8,682204
15;Arcade;ArcadeCar-699977;2020;17;17;40,88554;300;35,72152;75;4,245806;2;18;1,046543
16;Arcade;ArcadeCar-699977;2425;17;17;48,50162;300;29,14081;75;9,127471;5;24;3,479585
17;Arcade;ArcadeCar-699977;2664;17;17;53,27728;300;27,32471;75;12,73795;4;19;4,310254
18;Arcade;ArcadeCar-699977;2413;17;17;48,26084;300;30,15875;75;6,150625;3;24;5,505495
19;Arcade;ArcadeCar-699977;2574;17;17;51,47671;300;28,37128;75;2,761558;4;17;12,81889
20;Arcade;ArcadeCar-699977;1852;17;17;36,43335;300;38,98281;75;4,638946;1;20;0,054804
21;Arcade;ArcadeCar-699977;2343;17;17;47,46887;300;30,60245;75;9,138908;3;24;2,948947
22;Arcade;ArcadeCar-699977;1779;17;17;35,58091;300;40,12872;75;3,06738;1;16;0,07979061
23;Arcade;ArcadeCar-699977;5946;17;17;118,9207;300;12,46465;75;8,877804;5;21;77,30943
24;Arcade;ArcadeCar-699977;1944;17;17;38,41475;300;36,82911;75;3,635645;3;19;0,5700089
25;Arcade;ArcadeCar-699977;2280;17;17;46,06438;300;31,51172;75;10,91157;2;24;1,690998
26;Arcade;ArcadeCar-699977;1980;17;17;39,60265;300;35,70043;75;3,700113;3;15;1,522343
27;Arcade;ArcadeCar-699977;1903;17;17;38,05644;300;37,52584;75;2,619272;2;25;1,93934
28;Arcade;ArcadeCar-699977;2151;17;17;43,01772;300;33,40941;75;6,432844;3;18;2,77769
29;Arcade;ArcadeCar-699977;2354;17;17;47,08248;300;30,67816;75;4,816984;4;17;5,172764
30;Arcade;ArcadeCar-699977;1946;17;17;38,92323;300;36,03726;75;5,759979;1;21;1,337173
31;Arcade;ArcadeCar-699977;1942;17;17;38,84044;300;36,84447;75;3,359021;3;23;1,340707
32;Arcade;ArcadeCar-699977;15000;8;17;300;300;2,879213;75;4,803072;3;20;277,171
33;Arcade;ArcadeCar-699977;2110;17;17;42,18973;300;34,57892;75;5,683819;2;19;2,597172
34;Arcade;ArcadeCar-699977;1994;17;17;39,88568;300;36,70188;75;4,487433;3;19;0,8365816
35;Arcade;ArcadeCar-699977;2209;17;17;44,18015;300;32,22009;75;10,33402;2;17;4,196052
36;Arcade;ArcadeCar-699977;2188;17;17;43,75562;300;32,74601;75;6,627164;3;20;2,020873
37;Arcade;ArcadeCar-699977;1900;17;17;38,00022;300;38,11138;75;6,422833;0;17;0
38;Arcade;ArcadeCar-699977;1926;17;17;38,51847;300;37,54367;75;5,846686;0;21;0
39;Arcade;ArcadeCar-699977;1803;17;17;36,06642;300;39,60538;75;3,694521;1;22;0,2240132
40;Arcade;ArcadeCar-699977;1947;17;17;38,93704;300;36,88962;75;4,163544;2;15;0,4781138
41;Arcade;ArcadeCar-699977;3393;17;17;67,85946;300;21,24939;75;6,114488;1;16;27,93706
42;Arcade;ArcadeCar-699977;2633;17;17;52,65619;300;27,49187;75;11,62713;5;22;11,16855
43;Arcade;ArcadeCar-699977;5250;17;17;105,0023;300;14,07115;75;68,37251;5;19;63,73141
44;Arcade;ArcadeCar-699977;2459;17;17;49,18314;300;29,42734;75;8,82552;5;20;6,586334
45;Arcade;ArcadeCar-699977;2208;17;17;44,16159;300;32,60478;75;4,65169;5;17;4,294109
46;Arcade;ArcadeCar-699977;1889;17;17;37,43707;300;37,45211;75;3,080055;2;19;1,06259
47;Arcade;ArcadeCar-699977;2023;17;17;40,80006;300;35,95182;75;7,976398;0;21;0
48;Arcade;ArcadeCar-699977;2341;17;17;46,82246;300;31,02167;75;5,533067;3;22;5,295844
49;Arcade;ArcadeCar-699977;1916;17;17;38,31457;300;37,07409;75;4,643745;3;18;0,7576813
50;Arcade;ArcadeCar-699977;1912;17;17;38,24267;300;37,76569;75;3,974268;1;19;0,8424687
0;Arcade;ArcadeCar-799922;886;7;17;300;300;39,34619;75;2,568628;0;18;0
1;Arcade;ArcadeCar-799922;1779;17;17;35,58311;300;39,95593;75;2,670991;1;18;0,6061523
2;Arcade;ArcadeCar-799922;1915;17;17;38,29575;300;37,71818;75;4,689723;1;21;1,378362
3;Arcade;ArcadeCar-799922;2210;17;17;44,20255;300;32,20451;75;3,282408;3;17;5,256084
4;Arcade;ArcadeCar-799922;1967;17;17;39,34216;300;36,01612;75;2,679614;2;19;3,198718
5;Arcade;ArcadeCar-799922;2049;17;17;40,97592;300;35,07005;75;3,688544;4;18;2,296327
6;Arcade;ArcadeCar-799922;2050;17;17;40,9995;300;35,5324;75;3,803896;4;20;2,121063
7;Arcade;ArcadeCar-799922;2053;17;17;41,06155;300;35,21865;75;9,478399;2;18;3,615176
8;Arcade;ArcadeCar-799922;2771;17;17;55,41915;300;26,25252;75;7,162373;5;21;11,96456
9;Arcade;ArcadeCar-799922;1958;17;17;39,15901;300;36,69485;75;5,020457;2;17;1,714306
10;Arcade;ArcadeCar-799922;1962;17;17;39,24269;300;36,68697;75;3,42691;5;20;2,172709
11;Arcade;ArcadeCar-799922;1995;17;17;39,89808;300;36,20608;75;4,588973;3;23;2,074454
12;Arcade;ArcadeCar-799922;1891;17;17;37,82495;300;37,75695;75;3,751734;1;16;1,522883
13;Arcade;ArcadeCar-799922;2210;17;17;44,19526;300;32,94852;75;6,885204;1;19;3,348051
14;Arcade;ArcadeCar-799922;1944;17;17;38,87913;300;36,89215;75;3,542316;3;18;0,793817
15;Arcade;ArcadeCar-799922;2094;17;17;41,87993;300;34,40367;75;8,617577;3;19;1,129149
16;Arcade;ArcadeCar-799922;2249;17;17;44,98411;300;31,87425;75;5,380828;3;18;5,457838
17;Arcade;ArcadeCar-799922;1841;17;17;36,81983;300;38,98148;75;3,118104;2;19;0,5569253
18;Arcade;ArcadeCar-799922;9210;17;17;184,2;300;8,296695;75;4,624993;6;20;141,7348
19;Arcade;ArcadeCar-799922;2523;17;17;50,45666;300;29,02859;75;10,6944;2;21;5,827686
20;Arcade;ArcadeCar-799922;2089;17;17;41,78399;300;35,0637;75;4,889632;1;18;3,668859
21;Arcade;ArcadeCar-799922;2259;17;17;45,17586;300;32,28371;75;6,475047;3;19;5,387836
22;Arcade;ArcadeCar-799922;1862;17;17;37,2424;300;38,84917;75;5,42239;0;20;0
23;Arcade;ArcadeCar-799922;2372;17;17;47,44286;300;30,36055;75;10,11126;5;20;2,881356
24;Arcade;ArcadeCar-799922;1781;17;17;35,61551;300;40,28678;75;3,676161;0;20;0
25;Arcade;ArcadeCar-799922;1892;17;17;37,84153;300;38,32274;75;4,397197;4;21;0,149306
26;Arcade;ArcadeCar-799922;2273;17;17;45,45882;300;31,87549;75;9,228226;3;21;3,444421
27;Arcade;ArcadeCar-799922;2073;17;17;41,46375;300;34,71669;75;7,832218;2;21;1,224805
28;Arcade;ArcadeCar-799922;6428;17;17;128,5579;300;11,43787;75;4,872106;6;20;87,01141
29;Arcade;ArcadeCar-799922;2155;17;17;42,80359;300;33,10474;75;4,568418;3;20;3,660407
30;Arcade;ArcadeCar-799922;1776;17;17;35,81326;300;40,28153;75;3,957309;1;15;0,0437144
31;Arcade;ArcadeCar-799922;2199;17;17;43,98464;300;32,78962;75;3,885497;5;19;3,084829
32;Arcade;ArcadeCar-799922;4909;17;17;98,17915;300;14,64386;75;10,51717;2;21;60,41877
33;Arcade;ArcadeCar-799922;2023;17;17;40,46063;300;35,84518;75;6,384907;3;21;1,737435
34;Arcade;ArcadeCar-799922;2236;17;17;44,71457;300;32,09762;75;4,136311;3;20;5,863606
35;Arcade;ArcadeCar-799922;2238;17;17;44,76376;300;32,06331;75;6,557492;3;23;3,767531
36;Arcade;ArcadeCar-799922;1988;17;17;39,7623;300;36,10909;75;6,385342;2;18;0,6836894
37;Arcade;ArcadeCar-799922;1775;17;17;35,49783;300;40,49323;75;4,033869;0;16;0
38;Arcade;ArcadeCar-799922;2128;17;17;42,56223;300;33,74409;75;3,249034;4;23;2,651126
39;Arcade;ArcadeCar-799922;2669;17;17;53,37799;300;27,24124;75;9,499035;5;21;9,45374
40;Arcade;ArcadeCar-799922;2166;17;17;43,2561;300;33,73376;75;6,042533;4;21;1,315325
41;Arcade;ArcadeCar-799922;1892;17;17;37,90139;300;37,917;75;3,576302;1;20;0,7824738
42;Arcade;ArcadeCar-799922;1861;17;17;37,22041;300;38,47957;75;2,562564;3;21;1,500873
43;Arcade;ArcadeCar-799922;2590;17;17;51,80253;300;28,14564;75;2,161077;6;19;12,21778
44;Arcade;ArcadeCar-799922;2283;17;17;45,66157;300;31,79218;75;4,749765;5;25;3,284695
45;Arcade;ArcadeCar-799922;1743;17;17;34,85479;300;41,2134;75;2,512579;1;17;0,0162614
46;Arcade;ArcadeCar-799922;1980;17;17;39,60266;300;35,68064;75;7,193227;2;16;1,038581
47;Arcade;ArcadeCar-799922;1904;17;17;38,08197;300;37,34812;75;2,582548;2;19;1,914194
48;Arcade;ArcadeCar-799922;1798;17;17;35,95463;300;40,11126;75;4,513849;0;20;0
49;Arcade;ArcadeCar-799922;1758;17;17;35,16093;300;40,89008;75;2,755651;1;14;0,0372018
50;Arcade;ArcadeCar-799922;2141;17;17;42,8183;300;33,31908;75;2,528487;3;20;5,345848
0;Arcade;ArcadeCar-899951;1933;17;17;38,66208;300;37,30797;75;4,516334;3;17;0,278837
1;Arcade;ArcadeCar-899951;1980;17;17;39,59992;300;36,37504;75;5,887875;1;22;1,36651
2;Arcade;ArcadeCar-899951;2082;17;17;41,64346;300;33,58916;75;5,284224;4;22;2,726874
3;Arcade;ArcadeCar-899951;1920;17;17;38,39465;300;36,9389;75;3,942605;1;22;0,389053
4;Arcade;ArcadeCar-899951;1987;17;17;39,74214;300;35,53712;75;5,14255;3;15;1,406535
5;Arcade;ArcadeCar-899951;2097;17;17;41,94147;300;34,24472;75;5,248103;2;20;3,700445
6;Arcade;ArcadeCar-899951;2009;17;17;40,17904;300;35,68093;75;6,190865;1;21;0,508216
7;Arcade;ArcadeCar-899951;2241;17;17;44,82021;300;31,53585;75;12,17149;3;23;0,5487779
8;Arcade;ArcadeCar-899951;1007;7;17;300;300;36,36885;75;4,631994;1;16;0,0650168
9;Arcade;ArcadeCar-899951;978;7;17;300;300;36,9616;75;3,628285;1;19;0,06376919
10;Arcade;ArcadeCar-899951;2236;17;17;44,71787;300;31,7986;75;10,10651;2;21;1,382625
11;Arcade;ArcadeCar-899951;1731;17;17;34,62249;300;40,26783;75;2,996326;0;20;0
12;Arcade;ArcadeCar-899951;1961;17;17;39,21534;300;36,81124;75;2,505988;3;21;1,897349
13;Arcade;ArcadeCar-899951;1879;17;17;37,58451;300;37,897;75;4,882183;3;18;0,1600544
14;Arcade;ArcadeCar-899951;2122;17;17;42,43995;300;32,77262;75;6,770474;2;22;1,209792
15;Arcade;ArcadeCar-899951;2151;17;17;43,0186;300;32,81861;75;7,28518;3;21;3,485888
16;Arcade;ArcadeCar-899951;2117;17;17;42,33722;300;34,43243;75;4,410841;5;23;1,716031
17;Arcade;ArcadeCar-899951;1734;17;17;34,65578;300;41,22028;75;2,114293;1;15;0,111118
18;Arcade;ArcadeCar-899951;2230;17;17;44,62542;300;32,43742;75;4,376511;2;20;5,365081
19;Arcade;ArcadeCar-899951;1936;17;17;38,72181;300;36,80464;75;5,37447;2;23;0,1667412
20;Arcade;ArcadeCar-899951;1961;17;17;39,21956;300;35,50295;75;5,733258;3;19;1,138266
21;Arcade;ArcadeCar-899951;1898;17;17;37,96028;300;37,59752;75;2,299245;2;20;1,450966
22;Arcade;ArcadeCar-899951;2072;17;17;41,435;300;34,51872;75;4,754563;3;19;2,886823
23;Arcade;ArcadeCar-899951;2037;17;17;40,74452;300;35,05429;75;5,448469;2;22;3,362796
24;Arcade;ArcadeCar-899951;2183;17;17;43,65982;300;32,46888;75;3,441522;4;24;3,918292
25;Arcade;ArcadeCar-899951;2623;17;17;52,46164;300;27,25466;75;13,55497;6;17;4,419224
26;Arcade;ArcadeCar-899951;2152;17;17;43,03646;300;32,75311;75;6,070807;3;22;2,320002
27;Arcade;ArcadeCar-899951;1864;17;17;37,28329;300;38,30082;75;3,560685;1;21;0,182976
28;Arcade;ArcadeCar-899951;2232;17;17;44,64006;300;31,61807;75;8,172483;4;24;1,276835
29;Arcade;ArcadeCar-899951;1779;17;17;35,57431;300;40,08157;75;3,426821;0;13;0
30;Arcade;ArcadeCar-899951;3105;17;17;62,10429;300;23,32883;75;5,936371;2;21;23,94714
31;Arcade;ArcadeCar-899951;2048;17;17;40,96064;300;35,32301;75;2,960756;4;21;2,880812
32;Arcade;ArcadeCar-899951;1927;17;17;38,53706;300;37,14218;75;5,053813;1;16;1,27672
33;Arcade;ArcadeCar-899951;2348;17;17;46,29892;300;31,03978;75;5,807228;5;20;3,71444
34;Arcade;ArcadeCar-899951;2099;17;17;42,64141;300;33,63296;75;7,871986;3;19;0,5143804
35;Arcade;ArcadeCar-899951;1958;17;17;39,15943;300;36,27219;75;4,929608;1;19;1,727428
36;Arcade;ArcadeCar-899951;1783;17;17;35,03099;300;39,36968;75;3,921775;0;14;0
37;Arcade;ArcadeCar-899951;2101;17;17;42,65276;300;33,84139;75;3,087734;2;17;5,613633
38;Arcade;ArcadeCar-899951;2030;17;17;40,59917;300;34,56531;75;4,127706;3;19;3,631489
39;Arcade;ArcadeCar-899951;1745;17;17;34,90124;300;40,72534;75;3,016288;1;18;0,0183842
40;Arcade;ArcadeCar-899951;3726;17;17;74,51538;300;19,24353;75;6,390513;5;18;33,33868
41;Arcade;ArcadeCar-899951;1836;17;17;36,72236;300;39,01324;75;3,383451;2;22;0,2401254
42;Arcade;ArcadeCar-899951;1870;17;17;37,40101;300;37,48856;75;3,14737;3;19;0,4532876
43;Arcade;ArcadeCar-899951;1735;17;17;34,69907;300;41,02314;75;3,488111;0;20;0
44;Arcade;ArcadeCar-899951;2078;17;17;41,55662;300;33,70055;75;7,569387;2;20;0,9988512
45;Arcade;ArcadeCar-899951;2260;17;17;45,20512;300;31,57511;75;11,85785;3;18;2,458235
46;Arcade;ArcadeCar-899951;2517;17;17;50,33868;300;28,08427;75;17,00586;2;20;1,500044
47;Arcade;ArcadeCar-899951;1858;17;17;37,15809;300;37,94668;75;3,563572;3;19;0,7560589
48;Arcade;ArcadeCar-899951;2042;17;17;40,83773;300;34,52822;75;4,699564;4;16;2,371472
49;Arcade;ArcadeCar-899951;1900;17;17;38,00357;300;37,34473;75;4,301157;1;21;1,341303
50;Arcade;ArcadeCar-899951;2236;17;17;44,71824;300;31,36855;75;5,991184;3;18;7,046013
0;Arcade;ArcadeCar-999988;2453;17;17;49,06171;300;28,97092;75;17,74547;2;20;9,906518
1;Arcade;ArcadeCar-999988;2073;17;17;41,45745;300;34,40627;75;4,307063;2;21;3,948746
2;Arcade;ArcadeCar-999988;1885;17;17;37,70493;300;37,73572;75;5,384156;3;18;0,435683
3;Arcade;ArcadeCar-999988;1772;17;17;35,43958;300;40,89734;75;4,605833;0;20;0
4;Arcade;ArcadeCar-999988;2024;17;17;40,47506;300;35,04003;75;3,382879;3;19;2,140141
5;Arcade;ArcadeCar-999988;1775;17;17;35,50176;300;39,67963;75;3,829318;3;18;0,1187178
6;Arcade;ArcadeCar-999988;3144;17;17;62,8811;300;23,36548;75;9,465179;6;21;17,89901
7;Arcade;ArcadeCar-999988;2108;17;17;42,15906;300;33,72783;75;8,705078;2;20;1,7011
8;Arcade;ArcadeCar-999988;1986;17;17;39,72064;300;35,848;75;5,7718;1;17;0,9370399
9;Arcade;ArcadeCar-999988;2624;17;17;52,48129;300;26,85656;75;5,866036;4;18;11,3356
10;Arcade;ArcadeCar-999988;1789;17;17;35,77713;300;39,2072;75;3,180606;2;16;0,08011199
11;Arcade;ArcadeCar-999988;1718;17;17;34,35878;300;41,11025;75;2,690686;0;17;0
12;Arcade;ArcadeCar-999988;1742;17;17;34,84398;300;40,36494;75;4,177193;0;15;0
13;Arcade;ArcadeCar-999988;2432;17;17;48,64035;300;28,78128;75;11,76823;4;19;4,816398
14;Arcade;ArcadeCar-999988;2113;17;17;42,25647;300;34,38427;75;6,396523;2;20;2,776692
15;Arcade;ArcadeCar-999988;1854;17;17;37,08506;300;37,71557;75;4,788295;2;20;0,5483714
16;Arcade;ArcadeCar-999988;2051;17;17;41,0195;300;33,51725;75;12,23665;0;20;0
17;Arcade;ArcadeCar-999988;2080;17;17;41,59588;300;34,20655;75;4,297799;4;17;1,673047
18;Arcade;ArcadeCar-999988;1952;17;17;38,86497;300;37,07191;75;3,069028;3;16;1,037265
19;Arcade;ArcadeCar-999988;1895;17;17;38,07249;300;37,52946;75;5,980235;1;14;1,758124
20;Arcade;ArcadeCar-999988;1967;17;17;39,34741;300;36,28424;75;2,324036;4;18;1,214161
21;Arcade;ArcadeCar-999988;2196;17;17;43,91761;300;32,52791;75;3,971741;5;20;4,81781
22;Arcade;ArcadeCar-999988;1829;17;17;36,41127;300;38,57338;75;4,902008;2;18;0,08231819
23;Arcade;ArcadeCar-999988;1915;17;17;38,4661;300;37,34705;75;4,511199;3;19;0,8328249
24;Arcade;ArcadeCar-999988;2093;17;17;41,86496;300;33,69467;75;6,578895;3;23;1,694297
25;Arcade;ArcadeCar-999988;2174;17;17;43,48006;300;32,435;75;3,923904;6;24;3,59577
26;Arcade;ArcadeCar-999988;1988;17;17;39,75965;300;35,80932;75;3,285108;3;25;2,067924
27;Arcade;ArcadeCar-999988;2059;17;17;41,17895;300;34,82292;75;7,306036;2;20;2,566339
28;Arcade;ArcadeCar-999988;2285;17;17;45,70034;300;31,31445;75;10,13324;3;20;2,283096
29;Arcade;ArcadeCar-999988;2153;17;17;43,05614;300;32,60599;75;7,072001;3;24;4,409132
30;Arcade;ArcadeCar-999988;1908;17;17;38,16429;300;36,5548;75;4,435423;2;19;1,029894
31;Arcade;ArcadeCar-999988;1835;17;17;36,69748;300;38,55354;75;4,692181;1;18;0
32;Arcade;ArcadeCar-999988;2288;17;17;45,76025;300;32,0164;75;8,51878;4;21;3,301089
33;Arcade;ArcadeCar-999988;2033;17;17;40,6599;300;35,07405;75;3,273238;4;24;1,677904
34;Arcade;ArcadeCar-999988;1977;17;17;39,53723;300;35,22559;75;8,027682;1;16;1,256569
35;Arcade;ArcadeCar-999988;1824;17;17;36,47906;300;39,11579;75;4,794165;2;19;0,1194924
36;Arcade;ArcadeCar-999988;2373;17;17;47,46385;300;30,41549;75;8,040137;5;22;4,234618
37;Arcade;ArcadeCar-999988;2287;17;17;45,73954;300;30,77837;75;7,552141;3;19;4,327482
38;Arcade;ArcadeCar-999988;2017;17;17;40,34259;300;34,84183;75;3,914279;3;19;3,228187
39;Arcade;ArcadeCar-999988;2143;17;17;42,85947;300;32,50175;75;5,270965;2;18;5,85979
40;Arcade;ArcadeCar-999988;2022;17;17;40,43987;300;34,53359;75;2,739558;4;19;2,10544
41;Arcade;ArcadeCar-999988;2319;17;17;46,37689;300;30,68521;75;6,661873;5;19;5,838033
42;Arcade;ArcadeCar-999988;1768;17;17;35,35913;300;40,43111;75;4,974561;1;17;0,03594721
43;Arcade;ArcadeCar-999988;1843;17;17;36,86366;300;38,44423;75;2,139193;2;23;0,5095518
44;Arcade;ArcadeCar-999988;3922;17;17;78,44128;300;18,54429;75;7,697101;5;19;35,52662
45;Arcade;ArcadeCar-999988;2026;17;17;40,51452;300;34,81113;75;6,476308;2;19;2,04535
46;Arcade;ArcadeCar-999988;1785;17;17;35,69978;300;39,99725;75;4,147987;1;22;0,06581479
47;Arcade;ArcadeCar-999988;4475;17;17;89,49943;300;15,91041;75;3,142979;1;18;54,66276
48;Arcade;ArcadeCar-999988;2453;17;17;49,06604;300;29,26173;75;12,81898;3;22;3,406219
49;Arcade;ArcadeCar-999988;1813;17;17;36,25604;300;38,1219;75;3,456817;4;21;0,6966931
50;Arcade;ArcadeCar-999988;2313;17;17;46,25856;300;30,97115;75;4,161595;6;22;6,03359
0;Arcade;ArcadeCar-1099976;1880;17;17;37,60258;300;37,79476;75;4,692597;2;19;0,6899269
1;Arcade;ArcadeCar-1099976;1866;17;17;37,32269;300;37,79276;75;2,466537;4;19;0,3949898
2;Arcade;ArcadeCar-1099976;2415;17;17;48,29917;300;30,27565;75;6,699109;5;22;4,986736
3;Arcade;ArcadeCar-1099976;1811;17;17;36,21938;300;38,41364;75;3,500668;2;18;0,08068819
4;Arcade;ArcadeCar-1099976;1877;17;17;37,53966;300;37,379;75;5,112121;2;23;1,203837
5;Arcade;ArcadeCar-1099976;2024;17;17;40,48195;300;34,48983;75;9,639237;1;19;0,077562
6;Arcade;ArcadeCar-1099976;2324;17;17;46,47364;300;30,04375;75;6,47043;4;18;5,464421
7;Arcade;ArcadeCar-1099976;1694;17;17;33,88509;300;41,84739;75;2,989277;0;18;0
8;Arcade;ArcadeCar-1099976;1737;17;17;34,73771;300;40,28736;75;3,374274;1;19;0,0333502
9;Arcade;ArcadeCar-1099976;1969;17;17;39,38293;300;35,73326;75;6,42883;2;19;0,168081
10;Arcade;ArcadeCar-1099976;1970;17;17;39,39856;300;35,80644;75;7,978257;1;16;0,08296601
11;Arcade;ArcadeCar-1099976;7244;17;17;144,6389;300;10,0766;75;3,882296;3;18;108,3269
12;Arcade;ArcadeCar-1099976;3552;17;17;71,27641;300;19,81343;75;4,79922;4;17;33,5756
13;Arcade;ArcadeCar-1099976;1973;17;17;39,46575;300;35,83844;75;3,998296;3;17;2,660634
14;Arcade;ArcadeCar-1099976;1980;17;17;39,59826;300;35,32489;75;6,39783;2;20;0,8944781
15;Arcade;ArcadeCar-1099976;2759;17;17;55,18172;300;25,52971;75;7,060779;5;21;14,75208
16;Arcade;ArcadeCar-1099976;1846;17;17;36,9193;300;38,24178;75;2,428507;2;16;1,713628
17;Arcade;ArcadeCar-1099976;1786;17;17;35,71687;300;38,74958;75;3,835283;2;20;0,5192212
18;Arcade;ArcadeCar-1099976;2073;17;17;41,46371;300;33,72984;75;5,753846;4;23;3,035419
19;Arcade;ArcadeCar-1099976;1995;17;17;39,45698;300;35,29768;75;3,712838;3;22;0,6099099
20;Arcade;ArcadeCar-1099976;1897;17;17;38,37945;300;37,38848;75;6,306096;3;21;0,3095386
21;Arcade;ArcadeCar-1099976;1926;17;17;38,52065;300;36,80508;75;3,699947;2;21;2,038233
22;Arcade;ArcadeCar-1099976;1828;17;17;36,5588;300;38,8364;75;5,833336;1;20;0,0163772
23;Arcade;ArcadeCar-1099976;2417;17;17;48,33904;300;29,37344;75;4,536789;4;21;7,555147
24;Arcade;ArcadeCar-1099976;2196;17;17;43,92559;300;33,27922;75;3,567425;4;20;2,928472
25;Arcade;ArcadeCar-1099976;1767;17;17;35,33832;300;39,86154;75;3,588853;1;19;0
26;Arcade;ArcadeCar-1099976;1710;17;17;34,20132;300;41,56513;75;2,17508;1;18;0,02226701
27;Arcade;ArcadeCar-1099976;2305;17;17;46,09694;300;31,02345;75;8,931046;4;22;3,964335
28;Arcade;ArcadeCar-1099976;1869;17;17;37,38047;300;37,57846;75;2,925035;3;17;0,4385219
29;Arcade;ArcadeCar-1099976;1686;17;17;33,71698;300;41,52806;75;2,826047;1;20;0
30;Arcade;ArcadeCar-1099976;1960;17;17;39,20506;300;36,24863;75;4,605451;4;27;0,3701966
31;Arcade;ArcadeCar-1099976;2051;17;17;41,015;300;33,55413;75;11,24886;3;22;0,4443889
32;Arcade;ArcadeCar-1099976;1956;17;17;39,12098;300;36,31054;75;4,384101;3;19;1,04997
33;Arcade;ArcadeCar-1099976;2338;17;17;46,76369;300;31,00478;75;6,476264;3;19;4,206647
34;Arcade;ArcadeCar-1099976;2089;17;17;41,77746;300;34,03409;75;2,198854;4;19;3,283077
35;Arcade;ArcadeCar-1099976;1828;17;17;36,56045;300;38,73445;75;5,10636;3;19;0,181438
36;Arcade;ArcadeCar-1099976;2104;17;17;42,08136;300;33,43351;75;8,601799;2;20;1,585932
37;Arcade;ArcadeCar-1099976;1980;17;17;39,60106;300;35,97348;75;4,272739;3;20;1,308704
38;Arcade;ArcadeCar-1099976;1936;17;17;38,71678;300;36,35617;75;4,875048;2;21;0,9668279
39;Arcade;ArcadeCar-1099976;1908;17;17;38,1605;300;37,90251;75;2,781734;3;21;0,4777336
40;Arcade;ArcadeCar-1099976;2152;17;17;43,03894;300;33,14234;75;3,011129;3;20;4,424373
41;Arcade;ArcadeCar-1099976;1874;17;17;37,48496;300;37,28045;75;6,510049;2;17;0,06036121
42;Arcade;ArcadeCar-1099976;2000;17;17;39,99705;300;35,0217;75;7,518134;2;16;0,1357146
43;Arcade;ArcadeCar-1099976;2184;17;17;43,67695;300;32,14747;75;6,728693;4;17;4,985175
44;Arcade;ArcadeCar-1099976;2604;17;17;52,08376;300;27,06284;75;4,803357;6;23;13,45088
45;Arcade;ArcadeCar-1099976;1873;17;17;37,46097;300;38,11555;75;3,398998;4;19;1,736408
46;Arcade;ArcadeCar-1099976;2142;17;17;42,84021;300;31,85605;75;12,37632;1;16;1,722514
47;Arcade;ArcadeCar-1099976;2037;17;17;40,73926;300;34,67288;75;3,300016;4;19;4,075467
48;Arcade;ArcadeCar-1099976;2196;17;17;43,91866;300;32,70505;75;4,510122;5;22;2,502781
49;Arcade;ArcadeCar-1099976;2129;17;17;42,58288;300;33,53172;75;7,460154;4;22;1,207264
50;Arcade;ArcadeCar-1099976;1992;17;17;39,8387;300;35,19452;75;4,903297;3;17;1,934452
0;Arcade;ArcadeCar-1199900;1920;17;17;38,39721;300;36,87365;75;4,384088;2;18;2,184038
1;Arcade;ArcadeCar-1199900;2202;17;17;44,04112;300;32,61314;75;4,911151;4;19;4,575774
2;Arcade;ArcadeCar-1199900;1784;17;17;35,6803;300;39,44011;75;4,102017;1;20;1,078276
3;Arcade;ArcadeCar-1199900;2295;17;17;45,89795;300;31,42207;75;9,856238;4;22;2,828928
4;Arcade;ArcadeCar-1199900;1885;17;17;37,70311;300;38,00649;75;2,059156;2;19;1,865935
5;Arcade;ArcadeCar-1199900;1837;17;17;36,73757;300;38,1295;75;6,60044;1;19;0,04186559
6;Arcade;ArcadeCar-1199900;3301;17;17;66,01987;300;22,19628;75;5,408366;4;16;28,02988
7;Arcade;ArcadeCar-1199900;2021;17;17;40,42226;300;35,32677;75;6,041536;2;19;1,556181
8;Arcade;ArcadeCar-1199900;1688;17;17;33,75843;300;41,6452;75;2,921871;1;18;0,023511
9;Arcade;ArcadeCar-1199900;1879;17;17;37,57819;300;38,1694;75;2,689696;2;18;1,483016
10;Arcade;ArcadeCar-1199900;1991;17;17;39,82229;300;36,38985;75;7,049257;2;17;1,616334
11;Arcade;ArcadeCar-1199900;2230;17;17;44,6007;300;32,17643;75;8,178233;5;23;3,120357
12;Arcade;ArcadeCar-1199900;2059;17;17;41,17826;300;34,16371;75;9,069017;2;21;2,904917
13;Arcade;ArcadeCar-1199900;1961;17;17;39,22316;300;36,82468;75;5,466191;2;21;1,383382
14;Arcade;ArcadeCar-1199900;1911;17;17;38,21876;300;37,01785;75;5,536365;2;16;1,157403
15;Arcade;ArcadeCar-1199900;2029;17;17;40,5787;300;34,74415;75;5,448521;2;21;2,494123
16;Arcade;ArcadeCar-1199900;5598;17;17;111,9611;300;12,76243;75;10,82287;5;22;69,18958
17;Arcade;ArcadeCar-1199900;2272;17;17;45,44171;300;31,41166;75;9,225778;5;22;3,225705
18;Arcade;ArcadeCar-1199900;1832;17;17;36,63886;300;38,95989;75;5,107275;2;21;0,3782634
19;Arcade;ArcadeCar-1199900;1925;17;17;38,49471;300;37,52674;75;4,468626;3;20;1,246558
20;Arcade;ArcadeCar-1199900;2194;17;17;43,88252;300;32,72029;75;5,949642;4;21;2,372745
21;Arcade;ArcadeCar-1199900;1736;17;17;34,72365;300;40,92621;75;2,869002;1;16;0,07538041
22;Arcade;ArcadeCar-1199900;2982;17;17;59,63855;300;24,03766;75;2,046397;3;17;22,75733
23;Arcade;ArcadeCar-1199900;1668;17;17;33,35545;300;42,84849;75;2,63382;0;20;0
24;Arcade;ArcadeCar-1199900;1923;17;17;38,46465;300;37,09399;75;5,633249;1;16;0,7712575
25;Arcade;ArcadeCar-1199900;2046;17;17;40,92017;300;34,79593;75;6,032565;4;19;2,55511
26;Arcade;ArcadeCar-1199900;2203;17;17;44,06189;300;31,29479;75;11,83899;2;22;1,545066
27;Arcade;ArcadeCar-1199900;1772;17;17;35,43717;300;39,80268;75;3,38111;1;20;0,4778008
28;Arcade;ArcadeCar-1199900;1778;17;17;35,55808;300;40,28039;75;3,260128;3;22;0,6803907
29;Arcade;ArcadeCar-1199900;1664;17;17;33,28193;300;41,88416;75;2,83732;0;19;0
30;Arcade;ArcadeCar-1199900;2211;17;17;44,21879;300;32,33551;75;12,94506;2;16;1,43953
31;Arcade;ArcadeCar-1199900;1864;17;17;37,28265;300;38,0298;75;5,09488;3;16;0,1841966
32;Arcade;ArcadeCar-1199900;2134;17;17;42,67714;300;33,23008;75;7,698993;5;22;5,607681
33;Arcade;ArcadeCar-1199900;2199;17;17;43,97899;300;32,73649;75;3,773309;3;21;4,681061
34;Arcade;ArcadeCar-1199900;1725;17;17;34,50196;300;41,13071;75;2,196648;2;20;0,1396156
35;Arcade;ArcadeCar-1199900;2112;17;17;42,23596;300;34,00034;75;5,975138;4;18;2,631785
36;Arcade;ArcadeCar-1199900;2217;17;17;44,3431;300;32,44512;75;4,221982;2;22;8,330394
37;Arcade;ArcadeCar-1199900;2335;17;17;46,7021;300;30,69848;75;3,965144;4;25;6,795989
38;Arcade;ArcadeCar-1199900;2043;17;17;40,86211;300;35,24194;75;3,61248;3;21;3,731871
39;Arcade;ArcadeCar-1199900;2245;17;17;44,89135;300;31,00341;75;8,962842;4;22;5,849093
40;Arcade;ArcadeCar-1199900;1657;17;17;33,14258;300;42,20932;75;3,167352;0;19;0
41;Arcade;ArcadeCar-1199900;1987;17;17;39,7415;300;36,20572;75;3,01455;2;19;3,03001
42;Arcade;ArcadeCar-1199900;1926;17;17;38,51806;300;36,93502;75;4,351814;3;17;1,573614
43;Arcade;ArcadeCar-1199900;1844;17;17;36,88052;300;37,62879;75;5,27799;1;20;0,8757061
44;Arcade;ArcadeCar-1199900;2274;17;17;45,48069;300;31,3597;75;4,707705;5;19;4,547719
45;Arcade;ArcadeCar-1199900;2094;17;17;41,88507;300;33,84681;75;3,905143;5;22;1,416117
46;Arcade;ArcadeCar-1199900;1904;17;17;38,07486;300;37,1948;75;5,847271;4;17;0,6430543
47;Arcade;ArcadeCar-1199900;1758;17;17;35,16528;300;40,4914;75;3,668895;1;20;0,0589298
48;Arcade;ArcadeCar-1199900;1697;17;17;33,93717;300;41,28577;75;4,305425;0;24;0
49;Arcade;ArcadeCar-1199900;1790;17;17;35,80002;300;39,08076;75;7,061172;0;19;0
50;Arcade;ArcadeCar-1199900;2145;17;17;42,90123;300;33,26895;75;7,355455;4;19;2,463804
0;Arcade;ArcadeCar-1299986;1760;17;17;35,20177;300;40,55162;75;3,172928;1;21;0,0250048
1;Arcade;ArcadeCar-1299986;2440;17;17;48,79976;300;29,40013;75;15,14032;4;20;5,545489
2;Arcade;ArcadeCar-1299986;1763;17;17;35,25917;300;40,39594;75;4,275095;2;21;0,01533119
3;Arcade;ArcadeCar-1299986;1747;17;17;34,93428;300;40,59405;75;3,281326;1;20;0,0360654
4;Arcade;ArcadeCar-1299986;1910;17;17;38,20442;300;36,49876;75;7,634037;2;16;0,3182294
5;Arcade;ArcadeCar-1299986;1002;7;17;300;300;34,75021;75;2,921381;1;20;1,314705
6;Arcade;ArcadeCar-1299986;2004;17;17;40,47711;300;35,52667;75;5,89268;3;19;2,867816
7;Arcade;ArcadeCar-1299986;1979;17;17;39,11766;300;35,83883;75;3,752486;3;22;1,954203
8;Arcade;ArcadeCar-1299986;1823;17;17;36,34403;300;39,36899;75;3,611354;4;17;0,7743171
9;Arcade;ArcadeCar-1299986;1946;17;17;39,49794;300;36,8573;75;5,045924;2;19;1,815343
10;Arcade;ArcadeCar-1299986;2265;17;17;45,3026;300;31,66902;75;4,394149;2;20;8,576084
11;Arcade;ArcadeCar-1299986;2079;17;17;41,58148;300;34,63154;75;4,049704;6;21;2,999015
12;Arcade;ArcadeCar-1299986;1915;17;17;38,29791;300;36,89673;75;2,600527;3;19;2,140628
13;Arcade;ArcadeCar-1299986;1741;17;17;34,81976;300;40,1086;75;4,092274;1;16;0,4219757
14;Arcade;ArcadeCar-1299986;1859;17;17;37,18387;300;38,30972;75;4,421701;2;22;0,6247618
15;Arcade;ArcadeCar-1299986;2274;17;17;45,4769;300;31,35679;75;6,286594;3;20;5,801766
16;Arcade;ArcadeCar-1299986;10968;17;17;219,3586;300;6,941627;75;4,84102;4;20;180,3418
17;Arcade;ArcadeCar-1299986;1993;17;17;39,85941;300;36,4297;75;5,452014;4;13;0,9521028
18;Arcade;ArcadeCar-1299986;1897;17;17;37,94418;300;37,40429;75;3,205691;2;22;2,100092
19;Arcade;ArcadeCar-1299986;1820;17;17;35,82936;300;38,27057;75;4,999657;2;21;1,085726
20;Arcade;ArcadeCar-1299986;2154;17;17;43,65166;300;33,11184;75;7,698567;4;22;4,13391
21;Arcade;ArcadeCar-1299986;2425;17;17;48,50094;300;29,21584;75;4,101816;4;23;10,7057
22;Arcade;ArcadeCar-1299986;2120;17;17;42,39826;300;33,49281;75;2,751634;6;22;2,843727
23;Arcade;ArcadeCar-1299986;2124;17;17;42,47856;300;32,77403;75;8,530775;4;23;1,0122
24;Arcade;ArcadeCar-1299986;1761;17;17;35,22327;300;40,15363;75;2,591246;3;17;0,3566065
25;Arcade;ArcadeCar-1299986;2534;17;17;50,67516;300;28,27831;75;5,299603;3;23;11,36978
26;Arcade;ArcadeCar-1299986;1857;17;17;37,14442;300;37,56779;75;3,73494;4;22;1,867944
27;Arcade;ArcadeCar-1299986;1904;17;17;38,08047;300;37,65379;75;4,358632;3;23;1,240536
28;Arcade;ArcadeCar-1299986;1999;17;17;39,98022;300;34,25785;75;9,882927;2;19;1,356629
29;Arcade;ArcadeCar-1299986;1775;17;17;35,49814;300;39,26196;75;3,415769;2;13;0,6979369
30;Arcade;ArcadeCar-1299986;2206;17;17;44,11488;300;31,94998;75;6,943204;5;21;3,073531
31;Arcade;ArcadeCar-1299986;2017;17;17;40,34326;300;34,90393;75;5,532541;5;20;2,40387
32;Arcade;ArcadeCar-1299986;1896;17;17;37,91716;300;37,56149;75;2,520792;3;19;1,090885
33;Arcade;ArcadeCar-1299986;1887;17;17;37,73933;300;37,88016;75;3,321463;3;17;1,585614
34;Arcade;ArcadeCar-1299986;1969;17;17;39,38017;300;36,55247;75;4,408322;2;17;2,078557
35;Arcade;ArcadeCar-1299986;1888;17;17;37,58248;300;37,14911;75;3,013422;3;21;0,9073008
36;Arcade;ArcadeCar-1299986;2325;17;17;46,68441;300;31,03363;75;11,3615;2;21;3,396853
37;Arcade;ArcadeCar-1299986;1937;17;17;38,73914;300;36,74664;75;3,819996;2;24;2,462134
38;Arcade;ArcadeCar-1299986;1993;17;17;39,44818;300;35,89145;75;7,78632;2;18;1,55334
39;Arcade;ArcadeCar-1299986;2073;17;17;41,86922;300;34,70263;75;5,495328;3;21;2,582664
40;Arcade;ArcadeCar-1299986;1826;17;17;36,5167;300;39,26577;75;3,192077;2;22;0,864257
41;Arcade;ArcadeCar-1299986;1880;17;17;37,60315;300;37,77452;75;4,235208;4;20;0,7816424
42;Arcade;ArcadeCar-1299986;1969;17;17;39,3774;300;35,86412;75;3,418906;3;21;3,045952
43;Arcade;ArcadeCar-1299986;2324;17;17;46,48198;300;30,70715;75;2,777397;1;15;12,37881
44;Arcade;ArcadeCar-1299986;1882;17;17;37,64323;300;37,28498;75;3,574556;3;25;1,301542
45;Arcade;ArcadeCar-1299986;1916;17;17;38,31948;300;37,1307;75;5,071523;1;22;2,022032
46;Arcade;ArcadeCar-1299986;3210;17;17;64,19765;300;22,47127;75;20,81327;6;25;20,89806
47;Arcade;ArcadeCar-1299986;1934;17;17;38,6795;300;36,9775;75;4,059106;2;18;1,035513
48;Arcade;ArcadeCar-1299986;1704;17;17;34,08035;300;41,56116;75;2,559517;1;19;0,019064
49;Arcade;ArcadeCar-1299986;2026;17;17;40,52269;300;34,79877;75;2,646947;5;20;2,815035
50;Arcade;ArcadeCar-1299986;1984;17;17;39,3455;300;35,59222;75;6,147374;2;19;0,6347988
0;Arcade;ArcadeCar-1399902;1972;17;17;39,77047;300;36,04456;75;8,013422;1;17;0,06260639
1;Arcade;ArcadeCar-1399902;1930;17;17;38,60073;300;36,37062;75;5,26806;2;24;1,279678
2;Arcade;ArcadeCar-1399902;2018;17;17;40,35811;300;35,06444;75;6,723197;2;17;1,823094
3;Arcade;ArcadeCar-1399902;1805;17;17;36,1056;300;39,34716;75;2,624495;1;19;2,235306
4;Arcade;ArcadeCar-1399902;2008;17;17;40,15927;300;35,13717;75;5,450847;2;19;1,579116
5;Arcade;ArcadeCar-1399902;1977;17;17;39,54059;300;35,35222;75;5,386296;3;19;2,279588
6;Arcade;ArcadeCar-1399902;2063;17;17;41,25917;300;34,60141;75;6,519484;3;16;3,365234
7;Arcade;ArcadeCar-1399902;2175;17;17;43,49565;300;32,7076;75;5,246207;4;21;3,603556
8;Arcade;ArcadeCar-1399902;1980;17;17;39,5989;300;36,43776;75;3,064503;3;20;2,532143
9;Arcade;ArcadeCar-1399902;14999;15;17;300;300;4,779175;75;4,475967;3;20;266,1651
10;Arcade;ArcadeCar-1399902;1983;17;17;39,64123;300;35,68065;75;3,38778;3;19;1,781457
11;Arcade;ArcadeCar-1399902;1882;17;17;37,64088;300;37,61283;75;2,255473;3;18;1,482078
12;Arcade;ArcadeCar-1399902;2257;17;17;45,14014;300;30,92357;75;7,479854;5;19;3,559091
13;Arcade;ArcadeCar-1399902;1723;17;17;34,45613;300;40,81658;75;2,877809;3;19;0,150203
14;Arcade;ArcadeCar-1399902;1942;17;17;38,83877;300;36,47188;75;7,191922;2;21;3,874691
15;Arcade;ArcadeCar-1399902;1837;17;17;36,7411;300;38,44286;75;2,107972;3;21;0,6986603
16;Arcade;ArcadeCar-1399902;6018;17;17;120,3603;300;12,14447;75;2,524259;2;20;83,71291
17;Arcade;ArcadeCar-1399902;15000;14;17;300;300;4,48776;75;1,6171;1;20;271,2789
18;Arcade;ArcadeCar-1399902;1820;17;17;36,39668;300;38,66001;75;5,346614;2;17;0,1191124
19;Arcade;ArcadeCar-1399902;2095;17;17;41,35757;300;33,63318;75;3,273234;4;16;3,286017
20;Arcade;ArcadeCar-1399902;1908;17;17;38,6983;300;38,19412;75;6,833333;2;23;0,2949914
21;Arcade;ArcadeCar-1399902;1883;17;17;37,66405;300;37,02439;75;5,076196;2;19;0,6546854
22;Arcade;ArcadeCar-1399902;2238;17;17;44,75549;300;31,56013;75;13,22991;3;25;3,418857
23;Arcade;ArcadeCar-1399902;1897;17;17;37,94436;300;37,79925;75;4,501813;2;19;0,2581156
24;Arcade;ArcadeCar-1399902;1868;17;17;37,35689;300;37,9872;75;3,899584;3;20;1,536174
25;Arcade;ArcadeCar-1399902;2014;17;17;40,28544;300;34,29656;75;5,2641;3;16;1,944886
26;Arcade;ArcadeCar-1399902;1864;17;17;37,27546;300;37,96579;75;4,821232;2;18;0,7317196
27;Arcade;ArcadeCar-1399902;1812;17;17;35,76075;300;38,48302;75;3,633144;1;17;0,7974736
28;Arcade;ArcadeCar-1399902;2068;17;17;41,84117;300;34,63428;75;2,622555;2;18;4,879234
29;Arcade;ArcadeCar-1399902;1806;17;17;36,12033;300;38,97912;75;2,77088;1;18;1,583113
30;Arcade;ArcadeCar-1399902;1766;17;17;35,31852;300;39,73871;75;2,51447;3;21;0,1986786
31;Arcade;ArcadeCar-1399902;1811;17;17;36,21887;300;38,46656;75;3,905597;2;20;1,785334
32;Arcade;ArcadeCar-1399902;1817;17;17;36,34445;300;38,75757;75;3,218083;1;18;1,49911
33;Arcade;ArcadeCar-1399902;2343;17;17;46,85897;300;29,56211;75;13,07995;2;19;2,015342
34;Arcade;ArcadeCar-1399902;2251;17;17;45,02189;300;31,33999;75;5,089264;4;23;5,320342
35;Arcade;ArcadeCar-1399902;2149;17;17;42,97873;300;32,66991;75;8,360404;3;22;2,567596
36;Arcade;ArcadeCar-1399902;2008;17;17;40,15953;300;34,89179;75;5,245114;3;16;2,176423
37;Arcade;ArcadeCar-1399902;1832;17;17;36,63886;300;37,90975;75;4,602068;4;21;0,225263
38;Arcade;ArcadeCar-1399902;3963;17;17;79,26105;300;17,58621;75;7,699405;2;20;39,9189
39;Arcade;ArcadeCar-1399902;1969;17;17;39,37972;300;35,61601;75;3,506008;4;22;1,792547
40;Arcade;ArcadeCar-1399902;2016;17;17;40,31948;300;35,09428;75;5,260649;3;21;2,141082
41;Arcade;ArcadeCar-1399902;2060;17;17;40,83882;300;33,95098;75;6,348418;4;18;1,37702
42;Arcade;ArcadeCar-1399902;1912;17;17;38,60275;300;37,33106;75;5,884339;1;18;1,54346
43;Arcade;ArcadeCar-1399902;2140;17;17;42,79933;300;33,14939;75;4,65231;3;17;3,070746
44;Arcade;ArcadeCar-1399902;1855;17;17;37,09876;300;38,13267;75;2,991914;2;20;1,251026
45;Arcade;ArcadeCar-1399902;1805;17;17;36,10291;300;39,04714;75;4,25869;3;19;0,100684
46;Arcade;ArcadeCar-1399902;2217;17;17;44,33286;300;32,30501;75;4,487587;3;21;4,990516
47;Arcade;ArcadeCar-1399902;2050;17;17;41,00171;300;33,64654;75;8,332595;3;21;0,3438312
48;Arcade;ArcadeCar-1399902;1654;17;17;32,70839;300;42,66714;75;2,267361;0;18;0
49;Arcade;ArcadeCar-1399902;1900;17;17;38,37258;300;37,11496;75;4,49905;2;21;0,7663693
50;Arcade;ArcadeCar-1399902;1794;17;17;35,87948;300;39,01428;75;2,613621;3;19;0,7989972
0;Arcade;ArcadeCar-1499885;1760;17;17;35,20103;300;39,58098;75;2,736592;2;18;0,2612464
1;Arcade;ArcadeCar-1499885;1803;17;17;36,06219;300;39,36844;75;4,719544;2;21;0,1231328
2;Arcade;ArcadeCar-1499885;2099;17;17;41,97858;300;33,81601;75;4,266968;3;22;3,372036
3;Arcade;ArcadeCar-1499885;1694;17;17;33,88024;300;41,18184;75;2,32339;1;18;0,5975122
4;Arcade;ArcadeCar-1499885;1624;17;17;32,47887;300;42,69078;75;2,520849;0;23;0
5;Arcade;ArcadeCar-1499885;6290;17;17;125,5823;300;11,52881;75;3,933505;3;20;88,40057
6;Arcade;ArcadeCar-1499885;2133;17;17;42,87865;300;32,47424;75;6,953276;3;20;2,94344
7;Arcade;ArcadeCar-1499885;2032;17;17;40,64042;300;35,18595;75;5,51418;4;18;0,8514978
8;Arcade;ArcadeCar-1499885;1965;17;17;39,29937;300;36,37066;75;2,998606;3;21;1,878405
9;Arcade;ArcadeCar-1499885;2199;17;17;43,97734;300;32,31295;75;3,307786;4;20;5,301224
10;Arcade;ArcadeCar-1499885;2599;17;17;51,98569;300;27,27277;75;4,53059;2;21;15,82159
11;Arcade;ArcadeCar-1499885;2316;17;17;46,31437;300;31,05546;75;4,689039;3;24;9,441026
12;Arcade;ArcadeCar-1499885;1798;17;17;35,96207;300;39,12827;75;2,327033;2;22;1,799275
13;Arcade;ArcadeCar-1499885;1772;17;17;35,43822;300;39,40886;75;3,63084;3;17;0,3143752
14;Arcade;ArcadeCar-1499885;1876;17;17;37,5218;300;38,2028;75;4,336209;1;21;2,840691
15;Arcade;ArcadeCar-1499885;1868;17;17;37,35876;300;38,00806;75;3,892043;3;20;1,327009
16;Arcade;ArcadeCar-1499885;1900;17;17;38,00048;300;37,39849;75;3,993099;4;25;1,048624
17;Arcade;ArcadeCar-1499885;1939;17;17;38,77882;300;35,93139;75;4,036502;2;21;3,404832
18;Arcade;ArcadeCar-1499885;1850;17;17;37,00462;300;37,58128;75;4,286104;2;23;1,312593
19;Arcade;ArcadeCar-1499885;1769;17;17;35,37965;300;39,56912;75;2,59574;2;18;0,4714476
20;Arcade;ArcadeCar-1499885;3161;17;17;63,21827;300;22,90189;75;4,40786;3;21;23,90417
21;Arcade;ArcadeCar-1499885;1803;17;17;36,05659;300;39,19044;75;5,491284;1;23;0,04011521
22;Arcade;ArcadeCar-1499885;1659;17;17;33,18624;300;41,60337;75;3,465106;0;22;0
23;Arcade;ArcadeCar-1499885;1854;17;17;37,07777;300;38,25309;75;3,645072;2;17;0,473363
24;Arcade;ArcadeCar-1499885;1820;17;17;36,39614;300;38,49904;75;3,745098;2;21;0,5227823
25;Arcade;ArcadeCar-1499885;1847;17;17;36,93933;300;38,42829;75;2,57902;1;19;0,8656289
26;Arcade;ArcadeCar-1499885;1798;17;17;35,96008;300;39,66769;75;4,218156;2;18;0,4342528
27;Arcade;ArcadeCar-1499885;12229;17;17;244,5859;300;6,286391;75;10,39336;2;15;209,4415
28;Arcade;ArcadeCar-1499885;2146;17;17;42,9192;300;33,26083;75;5,86893;3;17;4,095862
29;Arcade;ArcadeCar-1499885;1719;17;17;34,37889;300;40,81919;75;3,200348;1;17;0,06456339
30;Arcade;ArcadeCar-1499885;1729;17;17;34,57996;300;40,7296;75;4,1119;1;20;0,02302961
31;Arcade;ArcadeCar-1499885;1760;17;17;35,19983;300;40,078;75;4,638134;1;17;0,2152724
32;Arcade;ArcadeCar-1499885;1726;17;17;34,51936;300;41,09666;75;3,713088;2;21;0,041373
33;Arcade;ArcadeCar-1499885;811;7;17;300;300;42,16338;75;2,000133;0;19;0
34;Arcade;ArcadeCar-1499885;2151;17;17;43,02536;300;33,35296;75;2,27915;5;18;2,832917
35;Arcade;ArcadeCar-1499885;1678;17;17;33,55535;300;41,40942;75;3,361233;1;17;0,0230298
36;Arcade;ArcadeCar-1499885;1859;17;17;37,1834;300;37,89406;75;3,337071;2;19;0,948024
37;Arcade;ArcadeCar-1499885;1971;17;17;39,41682;300;35,91871;75;3,83237;3;20;2,187849
38;Arcade;ArcadeCar-1499885;1893;17;17;37,85975;300;37,71212;75;5,220026;2;19;1,154939
39;Arcade;ArcadeCar-1499885;1653;17;17;33,06496;300;42,46062;75;2,588508;0;15;0
40;Arcade;ArcadeCar-1499885;2558;17;17;51,15384;300;27,31108;75;6,135512;3;18;11,71747
41;Arcade;ArcadeCar-1499885;1942;17;17;38,67986;300;36,23794;75;5,801237;2;16;2,002314
42;Arcade;ArcadeCar-1499885;1877;17;17;37,70305;300;37,94357;75;2,931592;2;19;2,253663
43;Arcade;ArcadeCar-1499885;3222;17;17;64,4382;300;22,4132;75;5,936832;2;17;24,69709
44;Arcade;ArcadeCar-1499885;2568;17;17;51,36378;300;27,7688;75;6,169453;4;21;8,03057
45;Arcade;ArcadeCar-1499885;1718;17;17;34,35861;300;40,4995;75;2,820832;1;17;0,3647008
46;Arcade;ArcadeCar-1499885;1727;17;17;34,54053;300;40,64369;75;4,119874;1;22;0,0149858
47;Arcade;ArcadeCar-1499885;1715;17;17;34,29808;300;40,37362;75;4,024514;1;17;0,0541686
48;Arcade;ArcadeCar-1499885;1681;17;17;33,62101;300;41,27725;75;2,655624;1;20;0,0223734
49;Arcade;ArcadeCar-1499885;2118;17;17;42,36383;300;33,5754;75;4,629899;3;24;3,66534
50;Arcade;ArcadeCar-1499885;2749;17;17;54,97435;300;25,83043;75;4,227763;3;23;16,3969
0;Arcade;ArcadeCar-1599917;1908;17;17;38,16266;300;37,43538;75;6,872034;3;19;0,08153739
1;Arcade;ArcadeCar-1599917;1906;17;17;38,11895;300;37,02602;75;3,010335;3;15;2,124476
2;Arcade;ArcadeCar-1599917;1962;17;17;39,24406;300;36,18106;75;4,843797;1;20;1,27435
3;Arcade;ArcadeCar-1599917;1902;17;17;38,03631;300;36,85214;75;2,775455;3;17;2,750391
4;Arcade;ArcadeCar-1599917;1807;17;17;36,14144;300;38,92244;75;3,903219;3;16;1,802588
5;Arcade;ArcadeCar-1599917;2368;17;17;47,35828;300;29,98528;75;10,91321;5;20;3,899882
6;Arcade;ArcadeCar-1599917;1684;17;17;33,67891;300;41,51072;75;3,63777;0;16;0
7;Arcade;ArcadeCar-1599917;1744;17;17;34,88197;300;39,56392;75;5,013194;3;20;0,1962346
8;Arcade;ArcadeCar-1599917;1640;17;17;32,79986;300;42,49583;75;2,502667;0;19;0
9;Arcade;ArcadeCar-1599917;1844;17;17;36,8819;300;38,07718;75;7,475117;0;19;0
10;Arcade;ArcadeCar-1599917;1921;17;17;38,42028;300;36,13255;75;8,347171;2;17;0,798071
11;Arcade;ArcadeCar-1599917;2397;17;17;47,93386;300;29,27941;75;10,83209;5;20;4,038159
12;Arcade;ArcadeCar-1599917;14999;6;17;300;300;2,310954;75;280,6053;3;20;280,4497
13;Arcade;ArcadeCar-1599917;3076;17;17;61,49839;300;23,07168;75;3,011586;2;20;25,85373
14;Arcade;ArcadeCar-1599917;1938;17;17;38,76116;300;36,15948;75;4,597627;3;16;1,61245
15;Arcade;ArcadeCar-1599917;2174;17;17;43,47858;300;32,70118;75;2,635388;3;23;7,603467
16;Arcade;ArcadeCar-1599917;1971;17;17;39,42155;300;35,48568;75;4,923986;4;19;0,9018056
17;Arcade;ArcadeCar-1599917;1824;17;17;36,48264;300;38,88467;75;3,114457;2;19;1,597093
18;Arcade;ArcadeCar-1599917;1945;17;17;38,89491;300;36,48893;75;2,981753;4;19;2,255592
19;Arcade;ArcadeCar-1599917;1980;17;17;39,60242;300;35,82863;75;5,699508;2;20;1,08538
20;Arcade;ArcadeCar-1599917;1849;17;17;36,9822;300;37,90737;75;3,837163;3;24;0,7784467
21;Arcade;ArcadeCar-1599917;1860;17;17;37,19416;300;37,94052;75;3,719097;2;21;0,7959788
22;Arcade;ArcadeCar-1599917;2153;17;17;43,06376;300;32,82021;75;5,942926;4;18;3,543154
23;Arcade;ArcadeCar-1599917;2008;17;17;40,15878;300;34,85405;75;4,954169;3;22;2,354566
24;Arcade;ArcadeCar-1599917;1842;17;17;36,84199;300;38,15524;75;3,535823;1;18;1,496888
25;Arcade;ArcadeCar-1599917;1866;17;17;37,31713;300;36,91965;75;4,420487;3;20;0,8611371
26;Arcade;ArcadeCar-1599917;15000;13;17;300;300;4,154809;75;7,786906;5;21;263,5599
27;Arcade;ArcadeCar-1599917;1925;17;17;38,49528;300;36,40978;75;4,659665;3;20;1,066851
28;Arcade;ArcadeCar-1599917;1719;17;17;34,37724;300;40,22998;75;2,977909;2;17;0,8010755
29;Arcade;ArcadeCar-1599917;1753;17;17;35,06455;300;40,25898;75;3,690048;1;21;0,04139881
30;Arcade;ArcadeCar-1599917;2119;17;17;42,3752;300;33,31674;75;3,25268;2;17;6,726282
31;Arcade;ArcadeCar-1599917;2067;17;17;41,34129;300;33,55205;75;8,574041;3;19;0,8840892
32;Arcade;ArcadeCar-1599917;1764;17;17;35,27983;300;39,69865;75;3,573908;2;23;0,4645784
33;Arcade;ArcadeCar-1599917;1737;17;17;34,74142;300;40,61872;75;3,760332;3;21;0,1053898
34;Arcade;ArcadeCar-1599917;2056;17;17;41,12196;300;34,04357;75;6,886073;3;19;1,962723
35;Arcade;ArcadeCar-1599917;2241;17;17;44,81953;300;31,8107;75;8,123171;2;23;3,161257
36;Arcade;ArcadeCar-1599917;2639;17;17;52,77594;300;27,14792;75;6,477091;5;16;11,13957
37;Arcade;ArcadeCar-1599917;1910;17;17;38,20362;300;36,46865;75;5,096782;4;18;1,383804
38;Arcade;ArcadeCar-1599917;1944;17;17;38,87785;300;36,20436;75;4,701585;3;24;1,496432
39;Arcade;ArcadeCar-1599917;1884;17;17;37,68176;300;37,37648;75;3,196009;4;23;0,7419219
40;Arcade;ArcadeCar-1599917;2230;17;17;44,59719;300;31,54037;75;7,225097;5;21;2,380408
41;Arcade;ArcadeCar-1599917;11037;17;17;220,7397;300;6,757006;75;4,240799;3;19;184,1971
42;Arcade;ArcadeCar-1599917;2153;17;17;43,05957;300;32,62327;75;8,909799;2;21;2,017397
43;Arcade;ArcadeCar-1599917;2079;17;17;41,58368;300;34,20853;75;4,485305;2;19;4,721525
44;Arcade;ArcadeCar-1599917;1997;17;17;39,94253;300;35,38102;75;4,066659;4;21;2,056132
45;Arcade;ArcadeCar-1599917;2251;17;17;44,43833;300;31,42807;75;5,162805;6;19;3,094161
46;Arcade;ArcadeCar-1599917;12068;17;17;241,941;300;6,275796;75;207,3958;1;20;205,0619
47;Arcade;ArcadeCar-1599917;1792;17;17;35,83655;300;39,07076;75;5,400032;1;23;0,1624752
48;Arcade;ArcadeCar-1599917;2366;17;17;47,32104;300;29,95041;75;4,953059;7;19;5,970674
49;Arcade;ArcadeCar-1599917;1851;17;17;37,02205;300;38,0732;75;3,884143;3;24;0,4561116
50;Arcade;ArcadeCar-1599917;1690;17;17;33,80173;300;41,93957;75;2,339612;1;19;0,2226768
0;Arcade;ArcadeCar-1699953;2673;17;17;53,45588;300;26,91698;75;18,76144;4;18;14,44804
1;Arcade;ArcadeCar-1699953;1978;17;17;39,55924;300;35,23184;75;6,473653;3;17;0,7624359
2;Arcade;ArcadeCar-1699953;2334;17;17;46,68027;300;30,78334;75;9,860529;2;18;4,2088
3;Arcade;ArcadeCar-1699953;1678;17;17;33,55953;300;41,29952;75;4,317389;0;18;0
4;Arcade;ArcadeCar-1699953;2052;17;17;41,04136;300;35,00119;75;3,057216;4;21;3,755534
5;Arcade;ArcadeCar-1699953;2326;17;17;46,50773;300;30,9348;75;5,925303;5;21;4,033236
6;Arcade;ArcadeCar-1699953;1721;17;17;34,43009;300;40,77248;75;2,281301;2;17;0,9597732
7;Arcade;ArcadeCar-1699953;3524;17;17;70,48518;300;20,27546;75;2,572698;2;22;33,85779
8;Arcade;ArcadeCar-1699953;2058;17;17;41,1598;300;33,82166;75;5,996705;5;21;2,795369
9;Arcade;ArcadeCar-1699953;11168;17;17;223,3589;300;6,796947;75;188,6379;4;19;183,2575
10;Arcade;ArcadeCar-1699953;1669;17;17;33,38054;300;42,42558;75;4,13757;0;18;0
11;Arcade;ArcadeCar-1699953;2377;17;17;47,53753;300;29,87482;75;12,35534;4;19;2,497616
12;Arcade;ArcadeCar-1699953;1978;17;17;39,5605;300;35,6318;75;2,839477;3;20;3,352405
13;Arcade;ArcadeCar-1699953;1927;17;17;38,54037;300;36,63807;75;3,534963;2;21;2,788508
14;Arcade;ArcadeCar-1699953;2288;17;17;45,75747;300;30,80038;75;13,61317;2;20;2,411927
15;Arcade;ArcadeCar-1699953;1779;17;17;35,58334;300;39,04237;75;2,278114;3;19;0,08467321
16;Arcade;ArcadeCar-1699953;1781;17;17;35,61749;300;39,30304;75;4,004279;2;23;0,7805579
17;Arcade;ArcadeCar-1699953;2267;17;17;45,3377;300;31,22731;75;8,497619;5;22;2,351779
18;Arcade;ArcadeCar-1699953;2031;17;17;40,61962;300;34,82822;75;5,859662;3;17;2,327828
19;Arcade;ArcadeCar-1699953;1741;17;17;34,82115;300;40,19324;75;4,278246;1;19;0
20;Arcade;ArcadeCar-1699953;2113;17;17;42,25818;300;34,57177;75;7,371779;2;18;1,249567
21;Arcade;ArcadeCar-1699953;1889;17;17;37,78;300;37,29255;75;4,175536;2;17;2,062989
22;Arcade;ArcadeCar-1699953;10753;17;17;215,0598;300;7,074264;75;3,95605;3;18;178,6436
23;Arcade;ArcadeCar-1699953;1852;17;17;37,04071;300;38,49448;75;4,025755;2;19;1,064378
24;Arcade;ArcadeCar-1699953;1972;17;17;39,44525;300;35,90681;75;5,893674;3;20;1,281832
25;Arcade;ArcadeCar-1699953;1957;17;17;39,1404;300;36,39061;75;3,186966;3;20;2,507905
26;Arcade;ArcadeCar-1699953;2051;17;17;41,01438;300;33,94047;75;3,56082;3;17;4,837031
27;Arcade;ArcadeCar-1699953;2335;17;17;46,70269;300;30,31738;75;4,142584;3;20;8,627133
28;Arcade;ArcadeCar-1699953;1742;17;17;34,83926;300;40,23471;75;3,043141;2;18;0,07006839
29;Arcade;ArcadeCar-1699953;3594;17;17;71,88309;300;19,7662;75;3,875645;3;20;33,78763
30;Arcade;ArcadeCar-1699953;2024;17;17;40,47316;300;34,96519;75;6,436101;5;20;1,137195
31;Arcade;ArcadeCar-1699953;1867;17;17;37,3418;300;38,20577;75;4,148554;2;18;0,2160648
32;Arcade;ArcadeCar-1699953;2271;17;17;45,42529;300;31,06368;75;3,781967;3;20;7,212159
33;Arcade;ArcadeCar-1699953;3704;17;17;73,89039;300;19,56674;75;3,617361;4;18;36,92489
34;Arcade;ArcadeCar-1699953;9238;17;17;184,9464;300;8,10116;75;1,920623;2;15;150,7744
35;Arcade;ArcadeCar-1699953;2344;17;17;46,87939;300;29,81323;75;13,98953;3;19;3,022316
36;Arcade;ArcadeCar-1699953;1912;17;17;38,24355;300;37,13945;75;3,47037;2;22;1,461606
37;Arcade;ArcadeCar-1699953;1729;17;17;34,58015;300;41,1199;75;2,786296;1;20;0,3142364
38;Arcade;ArcadeCar-1699953;1772;17;17;35,43753;300;39,84513;75;3,564637;2;15;0,1479134
39;Arcade;ArcadeCar-1699953;1841;17;17;36,81842;300;38,54116;75;3,487981;4;18;0,3299644
40;Arcade;ArcadeCar-1699953;2025;17;17;40,50028;300;35,24352;75;6,847014;5;19;1,563455
41;Arcade;ArcadeCar-1699953;1720;17;17;34,39951;300;40,91496;75;3,211738;2;16;0,5570817
42;Arcade;ArcadeCar-1699953;1726;17;17;34,51847;300;40,40878;75;2,086236;2;18;0,199094
43;Arcade;ArcadeCar-1699953;1837;17;17;36,74479;300;38,48096;75;3,205374;1;21;2,740158
44;Arcade;ArcadeCar-1699953;2276;17;17;45,51574;300;30,82703;75;8,522119;5;19;3,19209
45;Arcade;ArcadeCar-1699953;1823;17;17;36,46349;300;38,87461;75;2,789734;3;23;1,035693
46;Arcade;ArcadeCar-1699953;1757;17;17;35,14016;300;40,07026;75;4,303017;0;19;0
47;Arcade;ArcadeCar-1699953;1796;17;17;35,91961;300;40,07986;75;3,635133;3;19;0,6001812
48;Arcade;ArcadeCar-1699953;1755;17;17;35,09544;300;39,74527;75;2,70105;1;19;0,9597675
49;Arcade;ArcadeCar-1699953;1826;17;17;35,88489;300;38,88354;75;2,876553;2;13;1,181548
50;Arcade;ArcadeCar-1699953;1919;17;17;39,02125;300;36,96131;75;6,916262;1;18;1,720882
0;Arcade;ArcadeCar-1799994;1810;17;17;36,1948;300;38,59832;75;3,771326;2;15;0,4606983
1;Arcade;ArcadeCar-1799994;1997;17;17;39,94239;300;35,56507;75;3,252962;3;16;3,255997
2;Arcade;ArcadeCar-1799994;2383;17;17;47,65923;300;29,42539;75;3,912072;2;14;12,23786
3;Arcade;ArcadeCar-1799994;2027;17;17;40,53938;300;34,72648;75;5,079257;5;20;1,071628
4;Arcade;ArcadeCar-1799994;1878;17;17;37,56458;300;37,52389;75;4,057879;3;16;1,260537
5;Arcade;ArcadeCar-1799994;7905;17;17;158,0962;300;9,342688;75;3,21005;1;21;122,5272
6;Arcade;ArcadeCar-1799994;1624;17;17;32,48229;300;42,76336;75;3,081626;0;18;0
7;Arcade;ArcadeCar-1799994;1934;17;17;38,67688;300;36,32108;75;3,658041;2;18;1,819767
8;Arcade;ArcadeCar-1799994;1919;17;17;38,38;300;37,09496;75;3,903762;5;18;1,31351
9;Arcade;ArcadeCar-1799994;1932;17;17;38,6454;300;35,95343;75;4,966012;4;20;0,4733956
10;Arcade;ArcadeCar-1799994;2346;17;17;46,91897;300;30,15891;75;3,551124;3;21;9,255887
11;Arcade;ArcadeCar-1799994;2169;17;17;43,37578;300;32,96624;75;7,035052;5;17;1,858476
12;Arcade;ArcadeCar-1799994;1859;17;17;37,18034;300;37,25076;75;4,644923;3;15;0,4701319
13;Arcade;ArcadeCar-1799994;2127;17;17;42,54509;300;32,98701;75;3,939443;3;20;7,992331
14;Arcade;ArcadeCar-1799994;1948;17;17;38,95435;300;36,30465;75;3,330069;3;17;2,357728
15;Arcade;ArcadeCar-1799994;1587;17;17;31,74089;300;43,47458;75;2,697929;1;23;0,01870621
16;Arcade;ArcadeCar-1799994;1820;17;17;36,40038;300;38,78521;75;5,429254;1;22;0,0431834
17;Arcade;ArcadeCar-1799994;1832;17;17;36,64026;300;38,76659;75;4,260123;3;18;1,010012
18;Arcade;ArcadeCar-1799994;15000;8;17;300;300;2,871161;75;3,312638;3;17;279,0409
19;Arcade;ArcadeCar-1799994;1778;17;17;35,557;300;39,54374;75;4,599813;1;21;0,2212028
20;Arcade;ArcadeCar-1799994;1943;17;17;38,85481;300;36,43782;75;3,982475;3;19;2,21294
21;Arcade;ArcadeCar-1799994;1902;17;17;38,04394;300;36,86663;75;4,739595;2;21;2,217618
22;Arcade;ArcadeCar-1799994;1719;17;17;34,37954;300;41,11036;75;2,730871;1;18;0,1573636
23;Arcade;ArcadeCar-1799994;1676;17;17;33,52177;300;41,12941;75;4,43222;1;23;0,0599248
24;Arcade;ArcadeCar-1799994;2115;17;17;42,298;300;32,83098;75;10,08118;2;19;1,290579
25;Arcade;ArcadeCar-1799994;1824;17;17;36,48;300;38,4925;75;3,606636;3;17;1,919671
26;Arcade;ArcadeCar-1799994;3342;17;17;66,84078;300;21,38878;75;34,86248;3;23;26,81384
27;Arcade;ArcadeCar-1799994;1623;17;17;32,45875;300;42,58912;75;2,367563;0;20;0
28;Arcade;ArcadeCar-1799994;1981;17;17;39,61932;300;35,22348;75;3,159078;4;19;3,250688
29;Arcade;ArcadeCar-1799994;1974;17;17;39,48261;300;35,85212;75;3,988973;1;20;5,082372
30;Arcade;ArcadeCar-1799994;1878;17;17;37,56004;300;37,43411;75;5,78281;2;20;0,9592741
31;Arcade;ArcadeCar-1799994;3179;17;17;63,57695;300;22,24044;75;28,79554;3;22;26,71197
32;Arcade;ArcadeCar-1799994;1693;17;17;33,86268;300;41,47705;75;2,740646;1;18;0,2036168
33;Arcade;ArcadeCar-1799994;2062;17;17;41,24187;300;33,66993;75;5,157639;4;20;1,53861
34;Arcade;ArcadeCar-1799994;1895;17;17;37,89943;300;36,83034;75;7,042782;1;23;0,08733001
35;Arcade;ArcadeCar-1799994;1846;17;17;36,91463;300;38,1982;75;3,620309;2;21;1,283518
36;Arcade;ArcadeCar-1799994;1868;17;17;37,36362;300;37,58386;75;2,290955;3;18;0,9555625
37;Arcade;ArcadeCar-1799994;1729;17;17;34,57867;300;40,90177;75;3,81225;1;20;0,1763186
38;Arcade;ArcadeCar-1799994;1892;17;17;37,75609;300;37,55903;75;3,771334;2;22;2,149738
39;Arcade;ArcadeCar-1799994;1762;17;17;35,32652;300;39,09544;75;4,194587;1;24;0,7594876
40;Arcade;ArcadeCar-1799994;2120;17;17;42,39712;300;33,98222;75;4,839878;3;18;4,047725
41;Arcade;ArcadeCar-1799994;14999;13;17;300;300;4,228688;75;2,425537;2;24;272,0684
42;Arcade;ArcadeCar-1799994;1877;17;17;37,52097;300;38,10356;75;5,813368;3;21;0,8369498
43;Arcade;ArcadeCar-1799994;1697;17;17;33,93789;300;41,0302;75;3,483048;0;16;0
44;Arcade;ArcadeCar-1799994;1867;17;17;37,3436;300;37,92587;75;4,748362;1;20;1,705912
45;Arcade;ArcadeCar-1799994;1872;17;17;37,43686;300;38,13451;75;2,999864;2;18;1,372965
46;Arcade;ArcadeCar-1799994;2060;17;17;41,20446;300;34,45047;75;4,963375;4;24;2,289298
47;Arcade;ArcadeCar-1799994;2189;17;17;43,77991;300;32,49643;75;4,505902;5;25;4,549745
48;Arcade;ArcadeCar-1799994;1972;17;17;39,44051;300;35,83878;75;5,143681;4;21;1,103268
49;Arcade;ArcadeCar-1799994;1986;17;17;39,72022;300;34,94209;75;6,566191;1;21;1,882208
50;Arcade;ArcadeCar-1799994;1785;17;17;35,69751;300;39,39992;75;4,86691;1;21;0,03517241
0;Arcade;ArcadeCar-1899967;2167;17;17;43,34005;300;31,86672;75;6,903083;2;24;4,180458
1;Arcade;ArcadeCar-1899967;2363;17;17;47,2573;300;29,22186;75;3,901436;3;18;10,96295
2;Arcade;ArcadeCar-1899967;1829;17;17;36,58489;300;38,19401;75;4,062625;4;22;1,131706
3;Arcade;ArcadeCar-1899967;1736;17;17;34,28111;300;39,93522;75;5,743917;1;24;0,05603281
4;Arcade;ArcadeCar-1899967;1883;17;17;38,09561;300;37,00404;75;7,38336;1;19;0,0195316
5;Arcade;ArcadeCar-1899967;1860;17;17;37,20089;300;38,08941;75;3,64039;2;14;0,7350852
6;Arcade;ArcadeCar-1899967;1754;17;17;35,07731;300;40,38842;75;5,924315;1;24;0,07709701
7;Arcade;ArcadeCar-1899967;2017;17;17;40,3447;300;35,37278;75;5,253779;2;20;2,148648
8;Arcade;ArcadeCar-1899967;1655;17;17;33,09901;300;42,3692;75;2,662979;2;14;0,07728659
9;Arcade;ArcadeCar-1899967;2250;17;17;45,00025;300;31,89363;75;5,653037;4;19;5,776617
10;Arcade;ArcadeCar-1899967;1694;17;17;33,87762;300;41,02841;75;2,416057;2;21;0,1364326
11;Arcade;ArcadeCar-1899967;10330;17;17;206,5989;300;7,155879;75;3,861027;2;23;171,6887
12;Arcade;ArcadeCar-1899967;1750;17;17;35,00394;300;40,6522;75;2,698426;1;23;0,5956806
13;Arcade;ArcadeCar-1899967;2098;17;17;41,95999;300;34,48256;75;4,972611;2;19;5,224504
14;Arcade;ArcadeCar-1899967;1842;17;17;36,83841;300;38,15416;75;3,552697;1;17;1,900145
15;Arcade;ArcadeCar-1899967;1884;17;17;37,29707;300;36,59876;75;4,196129;2;20;0,8359099
16;Arcade;ArcadeCar-1899967;2114;17;17;42,66385;300;33,46136;75;5,848366;1;21;5,403463
17;Arcade;ArcadeCar-1899967;2093;17;17;41,85729;300;33,64386;75;5,606277;4;19;3,538806
18;Arcade;ArcadeCar-1899967;2021;17;17;40,42407;300;34,89819;75;7,343985;2;19;1,452372
19;Arcade;ArcadeCar-1899967;1929;17;17;38,57686;300;36,32312;75;3,789416;4;17;2,030813
20;Arcade;ArcadeCar-1899967;1734;17;17;34,67978;300;39,67222;75;6,332787;0;16;0
21;Arcade;ArcadeCar-1899967;1982;17;17;39,64241;300;35,51232;75;5,815746;3;14;2,824541
22;Arcade;ArcadeCar-1899967;1929;17;17;37,93186;300;36,36578;75;3,738004;2;22;3,378125
23;Arcade;ArcadeCar-1899967;13735;17;17;275,3472;300;5,498626;75;239,8082;4;18;234,6209
24;Arcade;ArcadeCar-1899967;1781;17;17;35,32498;300;38,88237;75;3,357537;3;21;0,6547964
25;Arcade;ArcadeCar-1899967;1877;17;17;37,83253;300;38,04853;75;4,949181;1;16;0,8755751
26;Arcade;ArcadeCar-1899967;1920;17;17;38,40265;300;36,31466;75;3,747197;2;17;2,545624
27;Arcade;ArcadeCar-1899967;1913;17;17;38,25945;300;36,78241;75;6,426626;2;21;1,556413
28;Arcade;ArcadeCar-1899967;1786;17;17;35,71802;300;39,73545;75;3,580091;2;19;0,2163454
29;Arcade;ArcadeCar-1899967;1933;17;17;38,66113;300;36,11612;75;3,849276;3;19;2,752481
30;Arcade;ArcadeCar-1899967;2065;17;17;41,30184;300;33,67337;75;8,017116;2;20;1,221297
31;Arcade;ArcadeCar-1899967;10222;17;17;204,4421;300;7,41671;75;27,09716;2;17;167,0384
32;Arcade;ArcadeCar-1899967;1836;17;17;36,72003;300;37,79736;75;4,720547;1;22;0,7619939
33;Arcade;ArcadeCar-1899967;1656;17;17;33,11501;300;42,4504;75;3,274517;0;22;0
34;Arcade;ArcadeCar-1899967;2211;17;17;44,22126;300;32,18947;75;4,553312;4;22;4,400582
35;Arcade;ArcadeCar-1899967;2116;17;17;42,31923;300;33,32429;75;3,182008;5;22;3,766979
36;Arcade;ArcadeCar-1899967;1884;17;17;37,67857;300;37,43299;75;3,120828;3;19;1,327288
37;Arcade;ArcadeCar-1899967;1792;17;17;35,839;300;38,53209;75;4,246276;1;19;1,047865
38;Arcade;ArcadeCar-1899967;1807;17;17;36,14545;300;39,28242;75;3,51084;1;21;1,119048
39;Arcade;ArcadeCar-1899967;1637;17;17;32,73933;300;42,49171;75;2,54468;0;20;0
40;Arcade;ArcadeCar-1899967;2185;17;17;43,69716;300;31,94155;75;10,27102;3;18;1,983852
41;Arcade;ArcadeCar-1899967;2073;17;17;41,46152;300;34,63483;75;2,997133;4;19;3,033616
42;Arcade;ArcadeCar-1899967;2065;17;17;41,29797;300;33,86187;75;5,489847;4;19;2,128812
43;Arcade;ArcadeCar-1899967;1793;17;17;35,86026;300;39,67626;75;4,443325;1;21;0,1390738
44;Arcade;ArcadeCar-1899967;1788;17;17;35,76258;300;40,20458;75;3,820372;2;24;0,1788062
45;Arcade;ArcadeCar-1899967;1755;17;17;35,10253;300;39,57006;75;3,504028;1;18;0,7633327
46;Arcade;ArcadeCar-1899967;1685;17;17;33,69928;300;41,70563;75;3,726523;1;25;0,0399274
47;Arcade;ArcadeCar-1899967;1920;17;17;38,3403;300;36,2588;75;2,064885;4;20;2,672087
48;Arcade;ArcadeCar-1899967;864;7;17;300;300;40,71071;75;2,569712;0;22;0
49;Arcade;ArcadeCar-1899967;1829;17;17;36,58634;300;38,03345;75;4,385633;2;17;0,3402652
50;Arcade;ArcadeCar-1899967;15000;13;17;300;300;4,257082;75;2,861399;1;22;273,0628
0;Arcade;ArcadeCar-1999951;1958;17;17;39,15647;300;35,21909;75;9,500583;2;18;0,034277
1;Arcade;ArcadeCar-1999951;1688;17;17;33,75472;300;41,37535;75;3,23015;1;23;0,0193452
2;Arcade;ArcadeCar-1999951;1813;17;17;36,2621;300;39,33477;75;2,491706;2;20;1,229145
3;Arcade;ArcadeCar-1999951;1815;17;17;36,30345;300;38,14478;75;3,876544;2;17;0,8209518
4;Arcade;ArcadeCar-1999951;1863;17;17;37,25924;300;37,75863;75;5,493441;1;17;1,226174
5;Arcade;ArcadeCar-1999951;2022;17;17;40,43608;300;34,62601;75;2,266881;5;20;2,512447
6;Arcade;ArcadeCar-1999951;1679;17;17;33,58144;300;41,63685;75;2,329682;1;21;0,1446366
7;Arcade;ArcadeCar-1999951;1925;17;17;38,49646;300;36,43704;75;5,41474;2;23;1,45996
8;Arcade;ArcadeCar-1999951;15000;15;17;300;300;4,693165;75;274,5453;1;17;270,3333
9;Arcade;ArcadeCar-1999951;1865;17;17;36,85275;300;37,54422;75;3,271097;2;17;1,004222
10;Arcade;ArcadeCar-1999951;1901;17;17;38,46679;300;36,74204;75;4,122165;3;21;1,548745
11;Arcade;ArcadeCar-1999951;1942;17;17;38,83777;300;36,47347;75;3,892431;3;15;1,413458
12;Arcade;ArcadeCar-1999951;1999;17;17;39,95494;300;35,49103;75;2,304421;4;24;3,148851
13;Arcade;ArcadeCar-1999951;1811;17;17;35,67733;300;39,277;75;4,180399;2;20;0,1372092
14;Arcade;ArcadeCar-1999951;1876;17;17;38,08569;300;37,6736;75;4,206847;3;22;1,135058
15;Arcade;ArcadeCar-1999951;1641;17;17;32,82168;300;42,259;75;3,373748;1;19;0,01454481
16;Arcade;ArcadeCar-1999951;4079;17;17;81,58025;300;17,19588;75;6,643256;4;18;41,9111
17;Arcade;ArcadeCar-1999951;2190;17;17;43,79686;300;32,32893;75;6,855672;5;20;2,086511
18;Arcade;ArcadeCar-1999951;1678;17;17;33,56153;300;41,40266;75;2,545032;2;18;0,1763916
19;Arcade;ArcadeCar-1999951;1825;17;17;36,50399;300;38,46812;75;4,912194;2;22;0,1258718
20;Arcade;ArcadeCar-1999951;1821;17;17;36,26495;300;38,2133;75;3,703472;2;18;0,9783707
21;Arcade;ArcadeCar-1999951;1772;17;17;35,5946;300;39,75515;75;2,916878;3;19;0,257861
22;Arcade;ArcadeCar-1999951;2264;17;17;45,28023;300;30,97681;75;7,449429;4;17;4,334217
23;Arcade;ArcadeCar-1999951;1697;17;17;33,93929;300;41,20784;75;2,335928;2;17;0,0608378
24;Arcade;ArcadeCar-1999951;1976;17;17;39,52047;300;35,41991;75;5,339057;4;25;2,047922
25;Arcade;ArcadeCar-1999951;7141;17;17;142,8148;300;10,29174;75;110,3076;2;22;106,0376
26;Arcade;ArcadeCar-1999951;2032;17;17;40,64342;300;34,90987;75;6,704899;3;19;2,766764
27;Arcade;ArcadeCar-1999951;1824;17;17;36,48162;300;38,75858;75;3,111754;2;19;1,159331
28;Arcade;ArcadeCar-1999951;1817;17;17;36,33585;300;39,11209;75;3,889488;1;22;0,4114324
29;Arcade;ArcadeCar-1999951;6635;17;17;132,6981;300;11,03187;75;4,579946;4;18;95,90779
30;Arcade;ArcadeCar-1999951;2494;17;17;49,88065;300;28,73986;75;8,811625;2;23;10,29851
31;Arcade;ArcadeCar-1999951;2095;17;17;41,90417;300;33,04599;75;6,422099;3;23;3,242989
32;Arcade;ArcadeCar-1999951;1760;17;17;35,19631;300;39,59896;75;2,914359;1;18;0,9041033
33;Arcade;ArcadeCar-1999951;1770;17;17;35,40435;300;39,55133;75;3,703193;1;17;0,8448856
34;Arcade;ArcadeCar-1999951;2072;17;17;41,44007;300;34,12288;75;8,430919;5;19;3,854529
35;Arcade;ArcadeCar-1999951;1688;17;17;33,7548;300;41,9246;75;3,89108;0;17;0
36;Arcade;ArcadeCar-1999951;1984;17;17;39,6845;300;35,89211;75;4,04663;4;17;1,375852
37;Arcade;ArcadeCar-1999951;2312;17;17;46,24145;300;30,74015;75;4,250209;5;22;8,724792
38;Arcade;ArcadeCar-1999951;1824;17;17;36,47617;300;38,67443;75;2,114032;3;17;0,8397009
39;Arcade;ArcadeCar-1999951;1827;17;17;36,53758;300;38,33865;75;3,493139;1;23;1,296626
40;Arcade;ArcadeCar-1999951;14999;3;17;300;300;1,407226;75;0,2519786;1;22;292,5147
41;Arcade;ArcadeCar-1999951;1820;17;17;36,37802;300;38,50466;75;4,603759;2;18;0,8562301
42;Arcade;ArcadeCar-1999951;2226;17;17;44,5177;300;31,62137;75;8,981907;4;19;2,684965
43;Arcade;ArcadeCar-1999951;1999;17;17;39,98388;300;34,5546;75;6,994724;2;21;2,706835
44;Arcade;ArcadeCar-1999951;2119;17;17;42,37572;300;32,67695;75;10,37726;3;18;1,88311
45;Arcade;ArcadeCar-1999951;2541;17;17;50,82312;300;28,21759;75;4,283974;3;22;13,64615
46;Arcade;ArcadeCar-1999951;1745;17;17;34,89516;300;40,02147;75;3,537478;4;24;0,163519
47;Arcade;ArcadeCar-1999951;1773;17;17;34,94304;300;39,90483;75;3,963118;1;18;0,7112443
48;Arcade;ArcadeCar-1999951;1891;17;17;38,33762;300;36,61861;75;4,909058;4;18;1,018603
49;Arcade;ArcadeCar-1999951;1791;17;17;35,82088;300;39,16566;75;4,141654;2;14;0,6811388
50;Arcade;ArcadeCar-1999951;1982;17;17;39,64291;300;35,3277;75;4,83565;3;16;2,19879
0;Arcade;ArcadeCar-2099970;1815;17;17;36,298;300;39,19454;75;3,516944;3;20;0,2998211
1;Arcade;ArcadeCar-2099970;2107;17;17;41,9767;300;33,39262;75;11,18915;3;22;0,8025911
2;Arcade;ArcadeCar-2099970;2026;17;17;40,68091;300;34,07881;75;5,745191;4;18;1,628221
3;Arcade;ArcadeCar-2099970;882;7;17;300;300;41,11272;75;3,18558;0;20;0
4;Arcade;ArcadeCar-2099970;6515;17;17;130,2995;300;11,00315;75;100,8181;2;20;93,55856
5;Arcade;ArcadeCar-2099970;9249;17;17;184,9832;300;8,090287;75;3,978138;2;21;148,6883
6;Arcade;ArcadeCar-2099970;1621;17;17;32,42076;300;42,12074;75;3,859194;0;19;0
7;Arcade;ArcadeCar-2099970;1799;17;17;35,98023;300;38,8316;75;2,946623;3;18;1,25844
8;Arcade;ArcadeCar-2099970;1965;17;17;39,29816;300;35,19441;75;7,012676;3;25;1,273385
9;Arcade;ArcadeCar-2099970;1755;17;17;35,0987;300;39,59026;75;5,351838;3;18;0,3316194
10;Arcade;ArcadeCar-2099970;1773;17;17;35,46001;300;40,00126;75;2,707545;2;22;0,4972678
11;Arcade;ArcadeCar-2099970;1610;17;17;32,20349;300;43,5727;75;3,994918;0;19;0
12;Arcade;ArcadeCar-2099970;1842;17;17;36,83298;300;38,48593;75;3,21226;4;19;0,4447358
13;Arcade;ArcadeCar-2099970;1744;17;17;34,8841;300;39,51251;75;4,066072;2;16;0,09949601
14;Arcade;ArcadeCar-2099970;1799;17;17;35,97933;300;37,68631;75;4,995459;2;23;0,120334
15;Arcade;ArcadeCar-2099970;1995;17;17;39,31618;300;35,38916;75;7,280295;2;25;3,340483
16;Arcade;ArcadeCar-2099970;1764;17;17;35,86194;300;39,32552;75;3,051816;1;17;1,434697
17;Arcade;ArcadeCar-2099970;1895;17;17;37,90119;300;37,35423;75;2,964698;3;20;1,941373
18;Arcade;ArcadeCar-2099970;1943;17;17;38,86254;300;36,60973;75;4,284833;3;20;2,596918
19;Arcade;ArcadeCar-2099970;2043;17;17;40,86027;300;34,26121;75;8,475025;2;23;1,078538
20;Arcade;ArcadeCar-2099970;1731;17;17;34,57061;300;40,02982;75;3,112072;3;16;0,7050784
21;Arcade;ArcadeCar-2099970;1859;17;17;37,22622;300;37,52017;75;4,688596;2;20;0,3801753
22;Arcade;ArcadeCar-2099970;1751;17;17;35,01798;300;39,982;75;2,228978;1;18;0,9589747
23;Arcade;ArcadeCar-2099970;1648;17;17;32,96595;300;42,74219;75;2,631263;1;19;0,1817264
24;Arcade;ArcadeCar-2099970;1725;17;17;34,49507;300;39,79956;75;4,756536;1;18;0,1150138
25;Arcade;ArcadeCar-2099970;2125;17;17;41,87155;300;33,06279;75;3,256643;5;20;3,986307
26;Arcade;ArcadeCar-2099970;1655;17;17;33,73012;300;42,04918;75;5,096544;0;17;0
27;Arcade;ArcadeCar-2099970;1982;17;17;38,98579;300;35,56808;75;5,31144;3;23;1,552777
28;Arcade;ArcadeCar-2099970;1801;17;17;36,67742;300;38,7757;75;4,20034;3;23;0,1359222
29;Arcade;ArcadeCar-2099970;1848;17;17;36,95371;300;37,728;75;3,422738;3;22;0,7206534
30;Arcade;ArcadeCar-2099970;1948;17;17;38,96348;300;35,61758;75;8,433031;1;20;0,8201984
31;Arcade;ArcadeCar-2099970;1624;17;17;32,47877;300;43,03329;75;2,263973;0;16;0
32;Arcade;ArcadeCar-2099970;1729;17;17;34,58372;300;39,97;75;3,849065;1;24;0,478326
33;Arcade;ArcadeCar-2099970;1828;17;17;36,55866;300;37,58965;75;5,437959;2;18;0,9995434
34;Arcade;ArcadeCar-2099970;1740;17;17;34,79929;300;40,65174;75;2,561502;3;22;0,9127854
35;Arcade;ArcadeCar-2099970;2467;17;17;49,34051;300;27,74196;75;13,09914;4;21;3,547025
36;Arcade;ArcadeCar-2099970;1808;17;17;36,15907;300;38,74486;75;3,75318;2;19;1,299593
37;Arcade;ArcadeCar-2099970;2290;17;17;45,79821;300;31,64487;75;5,588264;6;20;4,721558
38;Arcade;ArcadeCar-2099970;1924;17;17;38,47904;300;35,30618;75;7,119596;3;17;0,3148718
39;Arcade;ArcadeCar-2099970;2262;17;17;45,2399;300;31,63109;75;7,57403;4;22;3,202466
40;Arcade;ArcadeCar-2099970;1875;17;17;37,50011;300;36,53784;75;6,446333;3;19;0,6524023
41;Arcade;ArcadeCar-2099970;1687;17;17;33,74378;300;41,26466;75;4,406718;0;17;0
42;Arcade;ArcadeCar-2099970;2232;17;17;44,64097;300;31,15896;75;9,540801;5;20;1,391778
43;Arcade;ArcadeCar-2099970;1802;17;17;36,036;300;38,47469;75;4,699536;1;21;1,705066
44;Arcade;ArcadeCar-2099970;1887;17;17;37,73922;300;37,11507;75;4,505479;2;19;1,114357
45;Arcade;ArcadeCar-2099970;1649;17;17;32,98146;300;41,8149;75;3,819239;1;16;0
46;Arcade;ArcadeCar-2099970;2019;17;17;40,38007;300;34,39976;75;6,311104;3;23;3,242168
47;Arcade;ArcadeCar-2099970;1958;17;17;38,49982;300;36,00836;75;6,115121;3;17;0,9254017
48;Arcade;ArcadeCar-2099970;11397;17;17;228,6026;300;6,708988;75;182,1967;4;20;189,5255
49;Arcade;ArcadeCar-2099970;2204;17;17;44,08009;300;31,51178;75;9,964165;3;19;3,429401
50;Arcade;ArcadeCar-2099970;1787;17;17;35,7397;300;39,82767;75;2,889295;2;19;0,9521442
0;Arcade;ArcadeCar-2199907;2161;17;17;43,21981;300;32,50259;75;9,683119;4;18;2,00189
1;Arcade;ArcadeCar-2199907;1910;17;17;38,19212;300;36,40707;75;2,757769;3;19;1,919194
2;Arcade;ArcadeCar-2199907;1873;17;17;37,46302;300;37,47887;75;5,766243;2;22;1,183
3;Arcade;ArcadeCar-2199907;1891;17;17;37,82323;300;37,04735;75;5,917714;3;22;1,560572
4;Arcade;ArcadeCar-2199907;1832;17;17;36,6407;300;38,42785;75;4,227053;3;22;0,5826017
5;Arcade;ArcadeCar-2199907;1015;7;17;300;300;33,6959;75;4,059896;1;22;0,9255651
6;Arcade;ArcadeCar-2199907;1950;17;17;39,00331;300;36,50257;75;4,046451;4;22;1,489061
7;Arcade;ArcadeCar-2199907;1907;17;17;38,13764;300;37,02303;75;4,6691;2;20;2,07666
8;Arcade;ArcadeCar-2199907;3871;17;17;77,42076;300;18,24353;75;5,707507;3;19;39,21863
9;Arcade;ArcadeCar-2199907;2647;17;17;52,93906;300;26,44288;75;16,46245;4;20;15,30304
10;Arcade;ArcadeCar-2199907;1839;17;17;36,77858;300;38,28376;75;5,062748;1;18;0,07519159
11;Arcade;ArcadeCar-2199907;1813;17;17;35,70863;300;38,36354;75;2,184343;2;19;1,474089
12;Arcade;ArcadeCar-2199907;1816;17;17;36,6636;300;38,57841;75;3,502746;2;22;1,13743
13;Arcade;ArcadeCar-2199907;1737;17;17;34,95026;300;40,13424;75;3,565267;1;24;0,04172741
14;Arcade;ArcadeCar-2199907;1637;17;17;32,74157;300;42,86263;75;3,163046;0;15;0
15;Arcade;ArcadeCar-2199907;1904;17;17;38,07937;300;37,61926;75;4,170609;1;22;1,157811
16;Arcade;ArcadeCar-2199907;1875;17;17;37,50262;300;37,59356;75;4,921983;3;19;0,5850377
17;Arcade;ArcadeCar-2199907;1762;17;17;35,2391;300;39,57467;75;5,288975;1;21;0
18;Arcade;ArcadeCar-2199907;1810;17;17;36,19503;300;38,62267;75;4,139455;2;16;1,529847
19;Arcade;ArcadeCar-2199907;2098;17;17;41,96016;300;33,07999;75;6,337831;3;20;3,015734
20;Arcade;ArcadeCar-2199907;2005;17;17;40,10256;300;34,68621;75;4,988535;3;25;2,410285
21;Arcade;ArcadeCar-2199907;1772;17;17;35,4428;300;38,83475;75;4,540102;2;19;1,019448
22;Arcade;ArcadeCar-2199907;1936;17;17;38,71762;300;35,57713;75;3,840521;3;19;2,398877
23;Arcade;ArcadeCar-2199907;1770;17;17;35,40014;300;39,47871;75;3,260559;3;17;0,7187126
24;Arcade;ArcadeCar-2199907;2083;17;17;41,65604;300;33,77928;75;7,71745;4;22;0,7201504
25;Arcade;ArcadeCar-2199907;1781;17;17;35,62289;300;38,87394;75;3,860844;2;19;2,106285
26;Arcade;ArcadeCar-2199907;1742;17;17;34,84008;300;40,3032;75;2,434863;2;20;0,3682548
27;Arcade;ArcadeCar-2199907;1886;17;17;37,7212;300;37,25223;75;2,033902;3;23;1,49965
28;Arcade;ArcadeCar-2199907;2113;17;17;42,25841;300;33,18145;75;9,349375;2;21;1,362368
29;Arcade;ArcadeCar-2199907;2141;17;17;42,82428;300;32,28944;75;7,210122;3;18;3,225804
30;Arcade;ArcadeCar-2199907;1845;17;17;36,89391;300;37,81813;75;4,248023;2;21;0,8909063
31;Arcade;ArcadeCar-2199907;1903;17;17;38,05948;300;36,70772;75;3,605753;3;21;2,561368
32;Arcade;ArcadeCar-2199907;2074;17;17;41,48174;300;33,71715;75;4,041162;5;20;2,156141
33;Arcade;ArcadeCar-2199907;1983;17;17;39,66268;300;35,52188;75;4,889574;3;23;1,851969
34;Arcade;ArcadeCar-2199907;1790;17;17;35,79726;300;38,63487;75;3,706016;2;12;1,127279
35;Arcade;ArcadeCar-2199907;1740;17;17;34,80303;300;39,78239;75;4,358325;2;20;0,04616541
36;Arcade;ArcadeCar-2199907;1623;17;17;32,4581;300;42,48159;75;2,458624;1;21;0,0162108
37;Arcade;ArcadeCar-2199907;1781;17;17;35,62265;300;39,10056;75;3,958949;3;20;0,9830514
38;Arcade;ArcadeCar-2199907;2255;17;17;45,09446;300;31,93894;75;5,340555;3;22;5,037846
39;Arcade;ArcadeCar-2199907;2080;17;17;41,60472;300;33,85509;75;5,200787;3;21;2,423745
40;Arcade;ArcadeCar-2199907;14973;17;17;299,4548;300;5,019009;75;7,074428;1;18;263,2759
41;Arcade;ArcadeCar-2199907;1691;17;17;33,82064;300;41,61758;75;3,276712;0;18;0
42;Arcade;ArcadeCar-2199907;14999;3;17;300;300;1,409117;75;293,5171;1;20;291,9563
43;Arcade;ArcadeCar-2199907;2026;17;17;40,49482;300;33,81569;75;11,76349;1;21;0,038537
44;Arcade;ArcadeCar-2199907;1842;17;17;36,84119;300;37,68674;75;3,9505;3;20;0,3855048
45;Arcade;ArcadeCar-2199907;2040;17;17;40,80107;300;34,44984;75;4,397171;5;19;1,902377
46;Arcade;ArcadeCar-2199907;1745;17;17;34,89861;300;40,2569;75;2,745412;1;16;1,054978
47;Arcade;ArcadeCar-2199907;1684;17;17;33,68364;300;40,87551;75;3,504155;1;21;0,121034
48;Arcade;ArcadeCar-2199907;2274;17;17;45,47924;300;30,35674;75;15,66197;1;18;1,040062
49;Arcade;ArcadeCar-2199907;1851;17;17;36,62911;300;37,72183;75;3,17347;3;19;1,151803
50;Arcade;ArcadeCar-2199907;1821;17;17;36,80697;300;38,47371;75;4,574219;3;22;0,4893932
0;Arcade;ArcadeCar-2299984;1679;17;17;33,5809;300;41,46342;75;5,395726;0;22;0
1;Arcade;ArcadeCar-2299984;2021;17;17;40,42416;300;35,56106;75;4,568174;4;25;1,455088
2;Arcade;ArcadeCar-2299984;1667;17;17;33,33924;300;41,5647;75;4,391008;2;20;0,06236319
3;Arcade;ArcadeCar-2299984;2040;17;17;40,79597;300;34,22909;75;2,658062;3;18;4,282524
4;Arcade;ArcadeCar-2299984;1768;17;17;35,36032;300;39,91836;75;3,693295;3;20;0,09640281
5;Arcade;ArcadeCar-2299984;1908;17;17;38,16457;300;36,58592;75;7,160742;3;20;0,3615321
6;Arcade;ArcadeCar-2299984;1913;17;17;38,25534;300;37,01982;75;4,644999;4;18;1,178529
7;Arcade;ArcadeCar-2299984;1848;17;17;36,96426;300;37,87097;75;3,47046;3;24;1,0605
8;Arcade;ArcadeCar-2299984;1999;17;17;39,97529;300;35,14806;75;7,522604;2;15;1,610547
9;Arcade;ArcadeCar-2299984;1948;17;17;38,96279;300;36,67639;75;3,627023;3;22;1,042354
10;Arcade;ArcadeCar-2299984;1936;17;17;38,71817;300;35,98999;75;3,264972;4;19;2,307122
11;Arcade;ArcadeCar-2299984;3334;17;17;66,68116;300;21,22576;75;35,8503;2;23;29,89768
12;Arcade;ArcadeCar-2299984;1732;17;17;34,64237;300;40,73778;75;2,988297;1;18;0,209461
13;Arcade;ArcadeCar-2299984;2232;17;17;44,64057;300;31,12934;75;6,586747;5;24;4,502983
14;Arcade;ArcadeCar-2299984;1938;17;17;38,7569;300;35,8188;75;3,099414;3;20;2,658126
15;Arcade;ArcadeCar-2299984;1757;17;17;35,139;300;40,23688;75;3,787542;1;18;0,05639958
16;Arcade;ArcadeCar-2299984;1831;17;17;36,04618;300;37,57712;75;3,888576;4;21;0,9563188
17;Arcade;ArcadeCar-2299984;1841;17;17;37,39161;300;37,92878;75;4,855658;2;18;1,671254
18;Arcade;ArcadeCar-2299984;1953;17;17;39,06093;300;36,03224;75;4,252927;2;19;2,575127
19;Arcade;ArcadeCar-2299984;2111;17;17;42,223;300;32,85636;75;6,69066;3;21;2,529274
20;Arcade;ArcadeCar-2299984;2078;17;17;41,56161;300;34,09293;75;5,807788;4;20;1,801809
21;Arcade;ArcadeCar-2299984;2149;17;17;42,97646;300;32,47979;75;10,3831;3;22;1,501996
22;Arcade;ArcadeCar-2299984;1772;17;17;35,44355;300;39,25686;75;5,097493;1;22;0,1390602
23;Arcade;ArcadeCar-2299984;1738;17;17;34,76031;300;40,72234;75;3,572073;2;22;0,1323972
24;Arcade;ArcadeCar-2299984;1900;17;17;37,99635;300;36,70485;75;4,218731;3;20;1,482987
25;Arcade;ArcadeCar-2299984;1884;17;17;37,68279;300;36,30251;75;5,05901;3;21;1,734408
26;Arcade;ArcadeCar-2299984;1760;17;17;35,20203;300;38,81221;75;5,536003;2;19;0,1207082
27;Arcade;ArcadeCar-2299984;1755;17;17;35,09937;300;40,07992;75;3,308533;2;21;0,4726456
28;Arcade;ArcadeCar-2299984;2118;17;17;42,35543;300;32,71868;75;3,95013;5;19;1,878983
29;Arcade;ArcadeCar-2299984;1834;17;17;36,45045;300;37,65709;75;4,913779;3;20;0,2275812
30;Arcade;ArcadeCar-2299984;1956;17;17;39,35;300;36,373;75;2,787336;3;23;3,416025
31;Arcade;ArcadeCar-2299984;1709;17;17;34,18087;300;41,09372;75;4,709946;0;19;0
32;Arcade;ArcadeCar-2299984;2162;17;17;43,23776;300;32,24113;75;10,57792;3;23;2,626939
33;Arcade;ArcadeCar-2299984;1748;17;17;34,95898;300;40,01971;75;4,002866;1;22;0,186424
34;Arcade;ArcadeCar-2299984;1804;17;17;36,08081;300;38,92214;75;3,685302;1;22;0,6224015
35;Arcade;ArcadeCar-2299984;1783;17;17;35,66435;300;40,07759;75;3,529067;2;17;0,2153252
36;Arcade;ArcadeCar-2299984;2081;17;17;41,61895;300;33,79647;75;3,775149;2;21;6,53129
37;Arcade;ArcadeCar-2299984;2018;17;17;40,36232;300;35,17609;75;6,194659;3;14;3,123349
38;Arcade;ArcadeCar-2299984;1764;17;17;35,06455;300;39,24729;75;5,065334;2;18;0,2690998
39;Arcade;ArcadeCar-2299984;1839;17;17;36,99394;300;37,97545;75;3,700464;2;21;1,096877
40;Arcade;ArcadeCar-2299984;15000;13;17;300;300;4,173385;75;2,141891;3;19;271,131
41;Arcade;ArcadeCar-2299984;1670;17;17;33,39362;300;41,63549;75;2,180896;1;15;0,03610259
42;Arcade;ArcadeCar-2299984;1903;17;17;38,0589;300;37,16331;75;2,280613;2;19;2,619892
43;Arcade;ArcadeCar-2299984;1898;17;17;37,95803;300;37,65576;75;3,70278;4;17;1,301009
44;Arcade;ArcadeCar-2299984;1698;17;17;33,96497;300;40,81604;75;4,373415;1;21;0,0420816
45;Arcade;ArcadeCar-2299984;1996;17;17;39,91625;300;35,76423;75;6,754842;6;23;0,353626
46;Arcade;ArcadeCar-2299984;5404;17;17;108,0782;300;13,12969;75;4,238575;2;23;74,27171
47;Arcade;ArcadeCar-2299984;1834;17;17;36,68508;300;37,52108;75;2,642185;3;23;1,634164
48;Arcade;ArcadeCar-2299984;15000;13;17;300;300;4,264544;75;1,973661;1;19;273,017
49;Arcade;ArcadeCar-2299984;1863;17;17;37,25336;300;36,80697;75;5,99166;3;21;0,5888528
50;Arcade;ArcadeCar-2299984;1694;17;17;33,87694;300;40,41932;75;3,403652;1;15;0,3001976
0;Arcade;ArcadeCar-2399919;1991;17;17;39,82393;300;34,14928;75;10,02324;1;19;0,0362308
1;Arcade;ArcadeCar-2399919;1706;17;17;34,11793;300;40,38212;75;3,61565;1;22;0,0809802
2;Arcade;ArcadeCar-2399919;1752;17;17;35,04151;300;39,41675;75;3,224344;1;19;0,9399748
3;Arcade;ArcadeCar-2399919;2011;17;17;40,21919;300;35,16956;75;5,283493;5;22;1,066171
4;Arcade;ArcadeCar-2399919;1985;17;17;39,70211;300;35,41468;75;5,523823;4;20;0,8814095
5;Arcade;ArcadeCar-2399919;1845;17;17;36,90071;300;38,28883;75;2,423602;3;16;2,267215
6;Arcade;ArcadeCar-2399919;2027;17;17;40,53834;300;34,02557;75;6,66927;2;19;2,016799
7;Arcade;ArcadeCar-2399919;1817;17;17;36,33873;300;38,81376;75;5,493379;2;24;0,6800222
8;Arcade;ArcadeCar-2399919;1794;17;17;35,8807;300;38,98926;75;2,171643;1;23;2,497534
9;Arcade;ArcadeCar-2399919;1746;17;17;34,92298;300;40,01624;75;6,050798;0;19;0
10;Arcade;ArcadeCar-2399919;1849;17;17;36,97495;300;37,50488;75;4,419442;2;21;1,459215
11;Arcade;ArcadeCar-2399919;2277;17;17;45,5393;300;31,48276;75;9,917653;3;18;2,366147
12;Arcade;ArcadeCar-2399919;1749;17;17;34,98014;300;40,29887;75;2,431931;2;21;0,1990772
13;Arcade;ArcadeCar-2399919;2186;17;17;43,72364;300;32,35774;75;7,867107;3;18;2,387147
14;Arcade;ArcadeCar-2399919;1728;17;17;34,55651;300;40,45171;75;3,015741;2;23;0,7961763
15;Arcade;ArcadeCar-2399919;2174;17;17;43,48436;300;32,9088;75;4,638413;6;27;3,291054
16;Arcade;ArcadeCar-2399919;15000;13;17;300;300;4,226;75;1,3605;1;17;273,8991
17;Arcade;ArcadeCar-2399919;1729;17;17;34,57771;300;40,40098;75;4,001425;2;18;0,7789091
18;Arcade;ArcadeCar-2399919;2089;17;17;41,764;300;33,59192;75;8,250756;4;21;2,703863
19;Arcade;ArcadeCar-2399919;1784;17;17;35,69707;300;39,77283;75;4,956381;3;16;0,2684216
20;Arcade;ArcadeCar-2399919;1711;17;17;34,2165;300;40,38927;75;4,667529;2;19;0,3643846
21;Arcade;ArcadeCar-2399919;1698;17;17;33,96017;300;41,18886;75;3,323613;1;15;0,0404108
22;Arcade;ArcadeCar-2399919;1644;17;17;32,8816;300;42,58027;75;3,739074;1;11;0,0392408
23;Arcade;ArcadeCar-2399919;2040;17;17;40,79474;300;34,68412;75;6,177609;2;20;3,002641
24;Arcade;ArcadeCar-2399919;1740;17;17;34,80056;300;40,40986;75;3,17833;4;21;0,1565266
25;Arcade;ArcadeCar-2399919;12708;17;17;254,1648;300;5,973956;75;4,732849;3;23;217,1833
26;Arcade;ArcadeCar-2399919;1843;17;17;36,3467;300;37,68457;75;4,727816;4;24;0,5828224
27;Arcade;ArcadeCar-2399919;1889;17;17;38,28933;300;38,04462;75;6,24738;3;21;0,6819952
28;Arcade;ArcadeCar-2399919;1671;17;17;33,42196;300;41,71177;75;3,361565;1;14;0,015766
29;Arcade;ArcadeCar-2399919;2139;17;17;42,724;300;32,4603;75;9,429059;3;24;1,613716
30;Arcade;ArcadeCar-2399919;1813;17;17;36,31687;300;38,72198;75;2,954736;3;19;0,6163437
31;Arcade;ArcadeCar-2399919;1773;17;17;35,45727;300;38,54633;75;4,513196;2;21;0,1130916
32;Arcade;ArcadeCar-2399919;2011;17;17;40,2199;300;35,59982;75;3,170461;5;23;1,010802
33;Arcade;ArcadeCar-2399919;1797;17;17;35,93964;300;38,35346;75;2,835379;3;19;0,9553562
34;Arcade;ArcadeCar-2399919;8348;17;17;166,9632;300;8,784686;75;62,8642;4;19;126,0352
35;Arcade;ArcadeCar-2399919;1802;17;17;36,04173;300;38,98294;75;4,753129;1;23;0,464417
36;Arcade;ArcadeCar-2399919;1770;17;17;35,39487;300;40,1129;75;3,871743;1;21;0,1377112
37;Arcade;ArcadeCar-2399919;1850;17;17;37,00554;300;37,81124;75;6,244539;1;22;0,763504
38;Arcade;ArcadeCar-2399919;1765;17;17;35,29798;300;39,94877;75;5,591107;1;19;0,09812761
39;Arcade;ArcadeCar-2399919;2207;17;17;44,13948;300;31,72165;75;11,26635;3;19;1,800892
40;Arcade;ArcadeCar-2399919;1774;17;17;35,48167;300;39,98065;75;3,266619;1;17;0,9622188
41;Arcade;ArcadeCar-2399919;2237;17;17;44,73847;300;31,11547;75;9,501899;5;18;3,011
42;Arcade;ArcadeCar-2399919;1898;17;17;37,95941;300;36,0792;75;7,87368;3;21;0,4563154
43;Arcade;ArcadeCar-2399919;1814;17;17;36,27766;300;38,4144;75;3,86874;2;19;1,799569
44;Arcade;ArcadeCar-2399919;1815;17;17;36,30166;300;38,85398;75;2,833081;4;19;0,4631464
45;Arcade;ArcadeCar-2399919;2371;17;17;47,41998;300;29,68534;75;14,59334;3;18;1,179797
46;Arcade;ArcadeCar-2399919;1752;17;17;35,04119;300;39,86402;75;4,043867;2;20;0,2218278
47;Arcade;ArcadeCar-2399919;1698;17;17;33,41888;300;40,78379;75;3,032629;1;21;0,5556637
48;Arcade;ArcadeCar-2399919;2018;17;17;40,89921;300;35,51093;75;7,328761;4;22;2,717809
49;Arcade;ArcadeCar-2399919;1783;17;17;35,66379;300;39,39586;75;2,743822;2;20;0,8274068
50;Arcade;ArcadeCar-2399919;1759;17;17;35,17691;300;40,74851;75;2,745001;2;25;0,4371586
0;Arcade;ArcadeCar-2499945;1674;17;17;33,47838;300;40,85077;75;3,615985;1;16;0,4152832
1;Arcade;ArcadeCar-2499945;2022;17;17;40,44168;300;34,62378;75;3,73342;3;20;3,255619
2;Arcade;ArcadeCar-2499945;2156;17;17;43,11827;300;32,03367;75;11,51636;3;20;2,101835
3;Arcade;ArcadeCar-2499945;2048;17;17;40,96167;300;33,95687;75;4,968361;6;18;2,658312
4;Arcade;ArcadeCar-2499945;2025;17;17;40,5014;300;34,6903;75;3,905382;5;24;2,28582
5;Arcade;ArcadeCar-2499945;1732;17;17;33,9845;300;40,28997;75;2,88098;3;15;1,037752
6;Arcade;ArcadeCar-2499945;1808;17;17;36,81705;300;38,69571;75;2,745042;3;23;1,840374
7;Arcade;ArcadeCar-2499945;1938;17;17;38,7545;300;36,45285;75;5,697318;2;21;3,401425
8;Arcade;ArcadeCar-2499945;1746;17;17;34,92496;300;39,57354;75;3,708202;2;19;0,1992554
9;Arcade;ArcadeCar-2499945;1856;17;17;37,11882;300;37,96979;75;4,458741;3;20;0,797425
10;Arcade;ArcadeCar-2499945;1713;17;17;34,25714;300;41,18465;75;3,364042;1;20;0,0650234
11;Arcade;ArcadeCar-2499945;2078;17;17;41,55915;300;34,35348;75;6,77014;4;25;2,133425
12;Arcade;ArcadeCar-2499945;1745;17;17;34,90118;300;40,67519;75;2,406465;1;21;1,218179
13;Arcade;ArcadeCar-2499945;2104;17;17;42,08503;300;32,732;75;5,409038;4;19;2,500022
14;Arcade;ArcadeCar-2499945;2010;17;17;40,19653;300;35,7311;75;3,308125;4;23;2,425718
15;Arcade;ArcadeCar-2499945;1939;17;17;38,77866;300;36,47225;75;3,504612;5;19;1,632079
16;Arcade;ArcadeCar-2499945;1797;17;17;35,94099;300;39,34826;75;2,643215;1;22;0,7310436
17;Arcade;ArcadeCar-2499945;2282;17;17;45,6391;300;30,88846;75;2,31769;4;17;8,563235
18;Arcade;ArcadeCar-2499945;2416;17;17;48,31932;300;29,11039;75;10,73425;5;19;3,084182
19;Arcade;ArcadeCar-2499945;1783;17;17;35,66125;300;39,1892;75;2,450106;3;24;0,5624724
20;Arcade;ArcadeCar-2499945;2100;17;17;42,00298;300;32,31821;75;10,18977;4;19;1,654859
21;Arcade;ArcadeCar-2499945;1933;17;17;38,6546;300;35,40813;75;9,276057;1;20;0,09382759
22;Arcade;ArcadeCar-2499945;1897;17;17;37,94482;300;36,97531;75;3,063018;3;20;2,032151
23;Arcade;ArcadeCar-2499945;1915;17;17;38,29595;300;36,77106;75;2,690332;3;16;1,85761
24;Arcade;ArcadeCar-2499945;1737;17;17;34,74129;300;39,97457;75;2,299038;1;20;0,4173819
25;Arcade;ArcadeCar-2499945;1626;17;17;32,52444;300;42,79969;75;3,093894;0;13;0
26;Arcade;ArcadeCar-2499945;1733;17;17;34,65359;300;40,08646;75;2,823213;1;20;0,4181944
27;Arcade;ArcadeCar-2499945;1780;17;17;35,60537;300;38,98033;75;2,324117;3;20;0,4230086
28;Arcade;ArcadeCar-2499945;2167;17;17;43,33707;300;32,8331;75;2,507677;4;20;6,270068
29;Arcade;ArcadeCar-2499945;1737;17;17;34,73729;300;40,56144;75;3,107487;1;19;0,7004778
30;Arcade;ArcadeCar-2499945;2018;17;17;40,36613;300;34,16658;75;9,347775;1;18;1,397828
31;Arcade;ArcadeCar-2499945;1783;17;17;35,65946;300;38,48054;75;5,033514;2;19;1,127753
32;Arcade;ArcadeCar-2499945;1930;17;17;38,59716;300;36,5071;75;4,023666;2;21;2,421833
33;Arcade;ArcadeCar-2499945;1735;17;17;34,70232;300;39,788;75;3,586266;1;20;0,02237221
34;Arcade;ArcadeCar-2499945;1898;17;17;37,95846;300;36,9135;75;1,363813;3;21;3,062674
35;Arcade;ArcadeCar-2499945;1947;17;17;38,94037;300;35,59614;75;2,413071;4;18;2,44715
36;Arcade;ArcadeCar-2499945;1803;17;17;36,06014;300;39,02528;75;2,59342;2;19;2,368942
37;Arcade;ArcadeCar-2499945;1963;17;17;39,25603;300;36,0742;75;4,478733;2;22;2,51885
38;Arcade;ArcadeCar-2499945;1782;17;17;35,64257;300;39,18473;75;3,22321;2;21;0,6637739
39;Arcade;ArcadeCar-2499945;1608;17;17;32,16397;300;43,11891;75;2,629691;0;15;0
40;Arcade;ArcadeCar-2499945;1876;17;17;37,51416;300;36,92893;75;2,430313;3;18;1,759885
41;Arcade;ArcadeCar-2499945;2016;17;17;40,31907;300;34,62956;75;9,39669;1;20;4,671802
42;Arcade;ArcadeCar-2499945;2036;17;17;40,72485;300;34,613;75;5,428163;3;24;2,519419
43;Arcade;ArcadeCar-2499945;1668;17;17;33,35754;300;42,13374;75;3,062881;2;17;0,06198259
44;Arcade;ArcadeCar-2499945;1965;17;17;38,69464;300;35,76371;75;6,386568;2;20;2,566875
45;Arcade;ArcadeCar-2499945;1638;17;17;33,3674;300;42,2208;75;3,381805;1;20;0,02194561
46;Arcade;ArcadeCar-2499945;1981;17;17;39,47427;300;35,67486;75;3,209734;3;22;2,451633
47;Arcade;ArcadeCar-2499945;1685;17;17;33,84498;300;41,62287;75;3,968709;1;16;0,01941121
48;Arcade;ArcadeCar-2499945;1731;17;17;34,62068;300;39,82701;75;2,736816;2;18;0,199341
49;Arcade;ArcadeCar-2499945;2018;17;17;40,35556;300;34,05646;75;9,158583;2;17;0,8420576
50;Arcade;ArcadeCar-2499945;2062;17;17;41,2428;300;33,60023;75;10,02813;3;19;1,429279
0;Arcade;ArcadeCar-2599905;1661;17;17;33,22062;300;42,1129;75;2,898759;2;20;0,08147019
1;Arcade;ArcadeCar-2599905;15000;13;17;300;300;4,201563;75;275,4608;1;20;273,2996
2;Arcade;ArcadeCar-2599905;2019;17;17;40,37535;300;34,76051;75;4,280361;5;22;2,572322
3;Arcade;ArcadeCar-2599905;3343;17;17;66,85662;300;21,66313;75;31,51378;4;23;6,380209
4;Arcade;ArcadeCar-2599905;1624;17;17;32,48227;300;42,50916;75;2,513634;1;20;0,04014679
5;Arcade;ArcadeCar-2599905;1991;17;17;39,82211;300;35,32902;75;4,208851;3;19;3,52244
6;Arcade;ArcadeCar-2599905;1642;17;17;32,83479;300;42,68776;75;3,156137;0;23;0
7;Arcade;ArcadeCar-2599905;2077;17;17;40,96128;300;33,58638;75;8,461061;2;19;0,6243039
8;Arcade;ArcadeCar-2599905;1905;17;17;38,68197;300;37,0398;75;5,289191;2;21;0,6123867
9;Arcade;ArcadeCar-2599905;1604;17;17;32,07943;300;42,81336;75;2,163587;1;18;0,01594879
10;Arcade;ArcadeCar-2599905;1709;17;17;34,17695;300;40,00916;75;4,099143;1;20;0,276181
11;Arcade;ArcadeCar-2599905;3195;17;17;63,89959;300;22,24795;75;4,22331;3;18;27,31994
12;Arcade;ArcadeCar-2599905;2165;17;17;43,30455;300;31,86713;75;4,890161;4;22;4,609853
13;Arcade;ArcadeCar-2599905;1831;17;17;36,16256;300;38,68809;75;3,503361;3;14;0,8098195
14;Arcade;ArcadeCar-2599905;1680;17;17;34,05368;300;41,51219;75;4,529889;0;21;0
15;Arcade;ArcadeCar-2599905;1719;17;17;33,84785;300;40,70356;75;3,745467;1;22;0,07954241
16;Arcade;ArcadeCar-2599905;2041;17;17;41,35727;300;34,37537;75;5,424464;5;22;1,668186
17;Arcade;ArcadeCar-2599905;1699;17;17;33,97784;300;41,02559;75;2,949106;1;12;0,2346102
18;Arcade;ArcadeCar-2599905;1943;17;17;38,86084;300;35,80791;75;3,55643;3;23;2,759433
19;Arcade;ArcadeCar-2599905;2104;17;17;42,07945;300;33,6823;75;6,254566;4;17;4,4457
20;Arcade;ArcadeCar-2599905;1746;17;17;34,91847;300;40,60792;75;3,556226;2;20;0,1642042
21;Arcade;ArcadeCar-2599905;1923;17;17;38,46007;300;36,08126;75;2,311675;6;22;1,460913
22;Arcade;ArcadeCar-2599905;1696;17;17;33,91634;300;40,71235;75;2,403394;2;13;0,06178519
23;Arcade;ArcadeCar-2599905;1676;17;17;33,52025;300;42,00283;75;3,300016;2;16;0,1559602
24;Arcade;ArcadeCar-2599905;1889;17;17;37,25908;300;36,90878;75;2,971879;4;18;0,613627
25;Arcade;ArcadeCar-2599905;1872;17;17;37,96355;300;37,55919;75;3,83978;3;19;1,606155
26;Arcade;ArcadeCar-2599905;1877;17;17;37,53991;300;36,55877;75;7,825534;1;22;0,1610736
27;Arcade;ArcadeCar-2599905;1825;17;17;36,50357;300;38,14609;75;3,540233;2;19;1,11697
28;Arcade;ArcadeCar-2599905;3190;17;17;63,79913;300;22,54006;75;5,151543;4;19;24,28994
29;Arcade;ArcadeCar-2599905;1748;17;17;34,9552;300;40,4914;75;3,072691;4;19;0,5737998
30;Arcade;ArcadeCar-2599905;1696;17;17;33,44982;300;41,20856;75;2,442318;2;16;0,1038128
31;Arcade;ArcadeCar-2599905;1750;17;17;35,47581;300;40,4395;75;4,064677;1;21;0,01727221
32;Arcade;ArcadeCar-2599905;1757;17;17;35,1373;300;39,08416;75;3,742491;1;17;0,1020448
33;Arcade;ArcadeCar-2599905;1830;17;17;36,60114;300;37,88683;75;5,993435;1;24;0,4756755
34;Arcade;ArcadeCar-2599905;1723;17;17;34,45954;300;39,9117;75;4,42949;1;23;0,2584488
35;Arcade;ArcadeCar-2599905;1898;17;17;37,9595;300;36,36208;75;1,965292;4;15;1,356036
36;Arcade;ArcadeCar-2599905;2004;17;17;39,80946;300;34,93172;75;2,475521;4;19;2,751583
37;Arcade;ArcadeCar-2599905;1954;17;17;39,35133;300;36,50521;75;2,419483;2;20;2,869992
38;Arcade;ArcadeCar-2599905;1695;17;17;33,89803;300;41,12041;75;2,591536;1;21;1,078073
39;Arcade;ArcadeCar-2599905;1873;17;17;37,4582;300;37,46723;75;4,478292;2;22;1,148731
40;Arcade;ArcadeCar-2599905;1849;17;17;36,98404;300;38,84548;75;6,727676;2;19;0,0702346
41;Arcade;ArcadeCar-2599905;1777;17;17;35,54188;300;39,96497;75;5,711144;1;17;0,5801829
42;Arcade;ArcadeCar-2599905;1920;17;17;38,39883;300;36,72213;75;5,751933;3;18;1,383762
43;Arcade;ArcadeCar-2599905;1956;17;17;39,11932;300;35,11613;75;5,262641;3;22;2,167055
44;Arcade;ArcadeCar-2599905;2273;17;17;45,45771;300;30,36299;75;14,31336;2;20;1,332177
45;Arcade;ArcadeCar-2599905;1744;17;17;34,88047;300;40,25005;75;3,644012;3;21;0,4058006
46;Arcade;ArcadeCar-2599905;1988;17;17;39,12947;300;35,5313;75;2,998979;2;19;3,949792
47;Arcade;ArcadeCar-2599905;1809;17;17;36,81176;300;38,50522;75;4,197643;3;22;0,6753712
48;Arcade;ArcadeCar-2599905;1688;17;17;33,75684;300;41,05101;75;3,555419;1;20;0,1020584
49;Arcade;ArcadeCar-2599905;1702;17;17;34,04055;300;40,23642;75;4,030201;1;25;0,0232874
50;Arcade;ArcadeCar-2599905;1887;17;17;37,74497;300;37,48759;75;3,240299;3;17;0,460958
0;Arcade;ArcadeCar-2699952;1858;17;17;37,15705;300;37,63853;75;4,263667;5;23;0,4435863
1;Arcade;ArcadeCar-2699952;2215;17;17;44,2982;300;31,69663;75;7,93582;4;22;3,851195
2;Arcade;ArcadeCar-2699952;2838;17;17;56,76262;300;25,05317;75;24,1978;4;23;21,21683
3;Arcade;ArcadeCar-2699952;1729;17;17;34,57798;300;40,6849;75;4,226456;1;20;0,039188
4;Arcade;ArcadeCar-2699952;1920;17;17;38,39783;300;36,05466;75;7,929936;2;18;0,5766352
5;Arcade;ArcadeCar-2699952;1715;17;17;34,30402;300;40,94329;75;3,964715;1;17;0,05413479
6;Arcade;ArcadeCar-2699952;1734;17;17;34,67645;300;40,49024;75;3,122074;3;22;0,05299279
7;Arcade;ArcadeCar-2699952;1669;17;17;33,38458;300;41,34486;75;4,042165;0;17;0
8;Arcade;ArcadeCar-2699952;1870;17;17;37,39568;300;37,19049;75;2,535106;3;21;1,651169
9;Arcade;ArcadeCar-2699952;12252;17;17;245,0399;300;6,163744;75;4,441326;5;20;206,9815
10;Arcade;ArcadeCar-2699952;1697;17;17;33,94019;300;41,0017;75;2,305255;2;21;0,06324419
11;Arcade;ArcadeCar-2699952;1732;17;17;34,64021;300;40,41132;75;4,782285;1;22;0,2772864
12;Arcade;ArcadeCar-2699952;1826;17;17;36,51931;300;38,20514;75;3,904602;2;18;1,116193
13;Arcade;ArcadeCar-2699952;1914;17;17;38,27845;300;36,91441;75;4,322582;2;19;1,035453
14;Arcade;ArcadeCar-2699952;2140;17;17;42,8066;300;33,09627;75;3,823444;5;21;4,115963
15;Arcade;ArcadeCar-2699952;1840;17;17;36,79813;300;37,77017;75;4,71089;4;22;1,617331
16;Arcade;ArcadeCar-2699952;1777;17;17;35,54116;300;39,36363;75;4,834413;1;18;0,8543546
17;Arcade;ArcadeCar-2699952;2166;17;17;43,31492;300;31,83405;75;9,485634;3;20;1,543475
18;Arcade;ArcadeCar-2699952;1885;17;17;37,70216;300;36,8934;75;3,500732;3;19;0,4527016
19;Arcade;ArcadeCar-2699952;2028;17;17;40,55785;300;34,24378;75;5,990135;2;22;2,815981
20;Arcade;ArcadeCar-2699952;1847;17;17;36,93986;300;38,121;75;3,467112;3;22;0,7005359
21;Arcade;ArcadeCar-2699952;1799;17;17;35,54947;300;38,45182;75;3,459412;1;20;1,364582
22;Arcade;ArcadeCar-2699952;2111;17;17;42,65565;300;33,47485;75;8,355868;2;22;2,534815
23;Arcade;ArcadeCar-2699952;1755;17;17;35,09679;300;40,10554;75;3,436729;3;22;0,2515908
24;Arcade;ArcadeCar-2699952;2534;17;17;50,6824;300;27,89736;75;6,356629;8;25;6,737029
25;Arcade;ArcadeCar-2699952;1794;17;17;35,87642;300;38,68522;75;2,961929;1;20;1,655563
26;Arcade;ArcadeCar-2699952;1753;17;17;35,06554;300;40,03015;75;4,142357;1;24;0,9034619
27;Arcade;ArcadeCar-2699952;11946;17;17;238,9203;300;6,376245;75;205,9633;4;22;199,7392
28;Arcade;ArcadeCar-2699952;1858;17;17;37,15844;300;37,69711;75;2,123413;2;23;1,888772
29;Arcade;ArcadeCar-2699952;1803;17;17;36,05665;300;38,97825;75;4,172734;2;18;0,8545916
30;Arcade;ArcadeCar-2699952;1893;17;17;37,86063;300;36,77053;75;3,513176;3;23;1,744289
31;Arcade;ArcadeCar-2699952;1638;17;17;32,6772;300;41,99373;75;2,971086;1;15;0,016882
32;Arcade;ArcadeCar-2699952;2084;17;17;41,76548;300;33,58719;75;3,204536;4;21;2,22032
33;Arcade;ArcadeCar-2699952;1810;17;17;36,20014;300;38,89024;75;6,238185;1;16;0,0370716
34;Arcade;ArcadeCar-2699952;1740;17;17;34,79624;300;40,11866;75;3,023029;2;17;0,2408952
35;Arcade;ArcadeCar-2699952;1887;17;17;37,74235;300;37,30731;75;2,360519;4;20;1,565953
36;Arcade;ArcadeCar-2699952;814;7;17;300;300;40,63446;75;2,135546;1;21;0,0339104
37;Arcade;ArcadeCar-2699952;2319;17;17;46,37977;300;29,88518;75;11,48583;4;19;2,887242
38;Arcade;ArcadeCar-2699952;1910;17;17;38,2023;300;36,41031;75;3,305612;4;21;1,673981
39;Arcade;ArcadeCar-2699952;1769;17;17;35,37762;300;39,88854;75;4,571002;1;21;0,09889239
40;Arcade;ArcadeCar-2699952;1789;17;17;35,78303;300;39,36143;75;3,546212;2;20;1,418978
41;Arcade;ArcadeCar-2699952;1759;17;17;35,17783;300;39,598;75;2,116375;1;22;1,421137
42;Arcade;ArcadeCar-2699952;1919;17;17;38,07852;300;36,15619;75;6,049352;2;20;1,718824
43;Arcade;ArcadeCar-2699952;1880;17;17;37,90366;300;37,25625;75;2,064248;3;22;0,7547475
44;Arcade;ArcadeCar-2699952;2211;17;17;44,21921;300;31,62861;75;10,93111;2;17;2,837473
45;Arcade;ArcadeCar-2699952;1637;17;17;32,73681;300;42,22681;75;3,666658;1;21;0,0160886
46;Arcade;ArcadeCar-2699952;1764;17;17;35,28319;300;39,93996;75;2,19856;2;17;1,299167
47;Arcade;ArcadeCar-2699952;1860;17;17;37,19685;300;36,98692;75;5,730087;2;21;0,5049784
48;Arcade;ArcadeCar-2699952;1742;17;17;34,84177;300;39,94332;75;5,9057;1;16;0,0765364
49;Arcade;ArcadeCar-2699952;1821;17;17;36,42163;300;38,22752;75;4,982072;2;22;0,4750857
50;Arcade;ArcadeCar-2699952;1939;17;17;38,78003;300;37,08893;75;3,278918;3;20;1,000577
0;Arcade;ArcadeCar-2799984;1892;17;17;37,84026;300;37,03378;75;2,743494;3;16;2,320953
1;Arcade;ArcadeCar-2799984;1995;17;17;39,89707;300;34,47253;75;11,39764;1;20;0,7334441
2;Arcade;ArcadeCar-2799984;1862;17;17;37,24445;300;37,94938;75;5,357582;3;18;0,5766559
3;Arcade;ArcadeCar-2799984;1644;17;17;32,87709;300;42,84053;75;3,923292;0;20;0
4;Arcade;ArcadeCar-2799984;1902;17;17;38,04132;300;37,40684;75;4,674456;2;20;1,776977
5;Arcade;ArcadeCar-2799984;1925;17;17;38,50077;300;36,94911;75;6,324004;3;20;0,7159517
6;Arcade;ArcadeCar-2799984;2409;17;17;48,17355;300;29,50954;75;7,433722;8;21;6,27773
7;Arcade;ArcadeCar-2799984;1849;17;17;36,98708;300;37,13494;75;6,863478;1;21;0,02283601
8;Arcade;ArcadeCar-2799984;2008;17;17;40,03781;300;34,78482;75;2,714443;4;19;3,345176
9;Arcade;ArcadeCar-2799984;1966;17;17;39,43916;300;35,38366;75;4,793991;2;13;3,043492
10;Arcade;ArcadeCar-2799984;2171;17;17;43,41754;300;32,36113;75;3,115704;3;23;6,017506
11;Arcade;ArcadeCar-2799984;1672;17;17;33,43983;300;41,84949;75;3,274675;0;17;0
12;Arcade;ArcadeCar-2799984;892;7;17;300;300;39,66728;75;2,77784;1;19;0,0162378
13;Arcade;ArcadeCar-2799984;1911;17;17;38,22493;300;37,1474;75;5,014951;3;18;1,615407
14;Arcade;ArcadeCar-2799984;1736;17;17;34,71595;300;40,44769;75;6,622415;2;17;0,04000521
15;Arcade;ArcadeCar-2799984;1870;17;17;37,39907;300;37,59421;75;3,021235;2;17;2,05848
16;Arcade;ArcadeCar-2799984;1788;17;17;35,76602;300;39,28939;75;3,192117;2;12;0,6573288
17;Arcade;ArcadeCar-2799984;1876;17;17;37,51544;300;36,73811;75;6,171846;2;22;0,9796448
18;Arcade;ArcadeCar-2799984;1812;17;17;36,24;300;39,11366;75;3,705969;2;22;0,3022032
19;Arcade;ArcadeCar-2799984;1795;17;17;35,90044;300;38,77043;75;2,363797;2;16;0,7572988
20;Arcade;ArcadeCar-2799984;2030;17;17;40,60299;300;34,21011;75;8,710217;2;22;2,401234
21;Arcade;ArcadeCar-2799984;1821;17;17;36,418;300;38,9709;75;2,332054;2;22;1,075108
22;Arcade;ArcadeCar-2799984;2063;17;17;41,26303;300;34,08735;75;5,361564;3;19;2,084874
23;Arcade;ArcadeCar-2799984;2090;17;17;41,79841;300;33,58913;75;2,960317;3;18;5,192147
24;Arcade;ArcadeCar-2799984;1781;17;17;35,62078;300;39,20013;75;3,268023;2;15;1,369206
25;Arcade;ArcadeCar-2799984;1849;17;17;36,9747;300;37,25743;75;5,375133;2;17;1,075902
26;Arcade;ArcadeCar-2799984;1925;17;17;38,50257;300;36,69812;75;4,536253;2;17;1,950345
27;Arcade;ArcadeCar-2799984;1826;17;17;36,52311;300;38,76084;75;6,026757;1;20;1,042228
28;Arcade;ArcadeCar-2799984;1891;17;17;37,81224;300;36,64948;75;2,774958;5;23;1,56996
29;Arcade;ArcadeCar-2799984;1823;17;17;36,46494;300;38,84374;75;4,774697;2;17;1,457497
30;Arcade;ArcadeCar-2799984;1762;17;17;35,24348;300;39,63363;75;2,212739;1;20;1,913967
31;Arcade;ArcadeCar-2799984;1808;17;17;36,1583;300;38,65046;75;2,885192;2;22;1,969933
32;Arcade;ArcadeCar-2799984;1911;17;17;38,21536;300;36,95718;75;3,101722;2;19;2,150441
33;Arcade;ArcadeCar-2799984;1835;17;17;36,70289;300;38,98915;75;3,868839;1;21;0,9655131
34;Arcade;ArcadeCar-2799984;1786;17;17;35,71728;300;39,70736;75;3,942784;3;20;0,2897146
35;Arcade;ArcadeCar-2799984;1628;17;17;32,56238;300;42,9152;75;3,044363;0;18;0
36;Arcade;ArcadeCar-2799984;1774;17;17;35,48272;300;39,86784;75;4,231427;1;20;0,8488623
37;Arcade;ArcadeCar-2799984;1751;17;17;35,01882;300;39,93805;75;3,823453;1;21;0,4414914
38;Arcade;ArcadeCar-2799984;1700;17;17;34,00267;300;41,31354;75;3,847934;1;20;0,0350842
39;Arcade;ArcadeCar-2799984;1907;17;17;38,13631;300;37,2704;75;2,562805;3;18;2,040027
40;Arcade;ArcadeCar-2799984;1864;17;17;37,27944;300;37,24385;75;5,843968;2;19;1,692918
41;Arcade;ArcadeCar-2799984;2188;17;17;43,76281;300;31,55854;75;10,7675;4;20;0,778394
42;Arcade;ArcadeCar-2799984;2206;17;17;44,12147;300;31,64745;75;9,769137;3;18;2,307356
43;Arcade;ArcadeCar-2799984;1784;17;17;35,6783;300;39,40941;75;3,139264;2;27;0,4025706
44;Arcade;ArcadeCar-2799984;2233;17;17;44,65915;300;31,35124;75;7,821448;5;21;2,084462
45;Arcade;ArcadeCar-2799984;1928;17;17;38,55667;300;37,00008;75;4,917949;2;21;1,921996
46;Arcade;ArcadeCar-2799984;1814;17;17;36,28317;300;38,87006;75;2,756993;2;22;0,6630204
47;Arcade;ArcadeCar-2799984;1693;17;17;33,85862;300;41,17821;75;2,81591;3;16;0,06753501
48;Arcade;ArcadeCar-2799984;1821;17;17;36,41747;300;39,23008;75;3,470323;2;17;0,9765267
49;Arcade;ArcadeCar-2799984;1956;17;17;39,1196;300;35,90993;75;6,955147;3;19;0,9004436
50;Arcade;ArcadeCar-2799984;2639;17;17;52,78431;300;26,94978;75;21,7289;2;16;14,9815
0;Arcade;ArcadeCar-2899948;1786;17;17;35,71931;300;39,80553;75;3,405067;3;17;1,094546
1;Arcade;ArcadeCar-2899948;1683;17;17;33,66265;300;41,38064;75;2,513644;1;19;0,5811376
2;Arcade;ArcadeCar-2899948;1890;17;17;37,79425;300;37,64175;75;2,962645;3;23;1,858086
3;Arcade;ArcadeCar-2899948;1700;17;17;34,00473;300;41,61375;75;3,640716;2;17;0,1089714
4;Arcade;ArcadeCar-2899948;1708;17;17;34,15776;300;41,20972;75;5,217997;2;17;0,0434824
5;Arcade;ArcadeCar-2899948;2067;17;17;40,98714;300;34,0459;75;8,922344;1;21;1,466348
6;Arcade;ArcadeCar-2899948;2144;17;17;43,23043;300;32,30882;75;6,127598;5;22;3,471774
7;Arcade;ArcadeCar-2899948;1650;17;17;33,00105;300;42,3667;75;2,896033;1;22;0,037518
8;Arcade;ArcadeCar-2899948;1699;17;17;33,98193;300;41,83189;75;2,555696;3;21;0,09109041
9;Arcade;ArcadeCar-2899948;2303;17;17;46,06237;300;30,41497;75;11,10656;3;17;3,497531
10;Arcade;ArcadeCar-2899948;1736;17;17;34,71325;300;40,42981;75;4,224103;3;22;0,0934452
11;Arcade;ArcadeCar-2899948;1770;17;17;35,4038;300;39,30747;75;3,093886;2;21;0,6976209
12;Arcade;ArcadeCar-2899948;1735;17;17;34,33838;300;39,63531;75;5,623485;1;18;0,1949944
13;Arcade;ArcadeCar-2899948;1829;17;17;36,94227;300;38,49568;75;2,80423;4;23;0,3207582
14;Arcade;ArcadeCar-2899948;2211;17;17;44,216;300;32,13137;75;2,876009;3;16;7,510493
15;Arcade;ArcadeCar-2899948;1924;17;17;38,47842;300;36,82394;75;5,886761;3;20;1,42271
16;Arcade;ArcadeCar-2899948;1964;17;17;39,28168;300;35,47173;75;4,899926;3;19;1,939254
17;Arcade;ArcadeCar-2899948;1851;17;17;37,02414;300;37,8994;75;3,087434;5;21;1,219528
18;Arcade;ArcadeCar-2899948;1758;17;17;35,15806;300;39,2979;75;4,015384;1;19;0,1401188
19;Arcade;ArcadeCar-2899948;1764;17;17;35,2834;300;39,68719;75;5,54287;0;24;0
20;Arcade;ArcadeCar-2899948;1937;17;17;38,73352;300;36,30846;75;3,692775;3;15;1,600398
21;Arcade;ArcadeCar-2899948;2202;17;17;44,04318;300;31,8236;75;9,340847;5;23;0,6005123
22;Arcade;ArcadeCar-2899948;1684;17;17;33,67948;300;42,36321;75;2,635978;2;18;0,06552401
23;Arcade;ArcadeCar-2899948;1846;17;17;36,92508;300;37,68934;75;4,199684;5;23;1,326681
24;Arcade;ArcadeCar-2899948;1834;17;17;36,67459;300;38,56381;75;2,206581;4;16;0,8978547
25;Arcade;ArcadeCar-2899948;1665;17;17;33,30049;300;41,634;75;4,01249;1;21;0,0603288
26;Arcade;ArcadeCar-2899948;1782;17;17;35,56709;300;38,99129;75;2,6387;2;23;1,532851
27;Arcade;ArcadeCar-2899948;2268;17;17;45,43192;300;31,53871;75;7,288325;5;21;5,440035
28;Arcade;ArcadeCar-2899948;2133;17;17;42,6635;300;34,1395;75;6,36839;5;20;1,91386
29;Arcade;ArcadeCar-2899948;1709;17;17;34,18114;300;40,72647;75;4,996899;1;19;0,04283679
30;Arcade;ArcadeCar-2899948;1641;17;17;32,81992;300;42,21623;75;3,351318;0;24;0
31;Arcade;ArcadeCar-2899948;1693;17;17;33,85728;300;41,28595;75;3,322309;1;19;0,09956799
32;Arcade;ArcadeCar-2899948;1622;17;17;32,43902;300;42,54529;75;2,981999;0;20;0
33;Arcade;ArcadeCar-2899948;1677;17;17;33,53855;300;42,36115;75;2,979142;1;22;0,0343538
34;Arcade;ArcadeCar-2899948;1725;17;17;34,49913;300;40,95575;75;1,556941;1;15;0,9587798
35;Arcade;ArcadeCar-2899948;1891;17;17;37,82366;300;37,51023;75;4,508096;3;18;1,475532
36;Arcade;ArcadeCar-2899948;1795;17;17;35,89702;300;39,29721;75;3,397467;2;15;0,4472596
37;Arcade;ArcadeCar-2899948;1777;17;17;35,5397;300;39,58204;75;4,575062;3;21;0,3483048
38;Arcade;ArcadeCar-2899948;2078;17;17;41,56091;300;33,77067;75;7,076744;3;18;2,0832
39;Arcade;ArcadeCar-2899948;2178;17;17;43,56478;300;33,0569;75;2,657564;6;25;4,356842
40;Arcade;ArcadeCar-2899948;1688;17;17;33,75376;300;41,3159;75;2,969774;1;23;0,9364696
41;Arcade;ArcadeCar-2899948;1908;17;17;37,93367;300;36,55662;75;3,425347;3;21;1,800071
42;Arcade;ArcadeCar-2899948;1709;17;17;34,4098;300;41,30519;75;3,870098;2;21;0,1817102
43;Arcade;ArcadeCar-2899948;2064;17;17;41,28112;300;35,08077;75;5,242944;5;21;0,9034866
44;Arcade;ArcadeCar-2899948;2060;17;17;41,19509;300;34,60704;75;5,847756;3;19;2,178955
45;Arcade;ArcadeCar-2899948;1934;17;17;38,68082;300;36,77666;75;2,662814;2;20;2,959176
46;Arcade;ArcadeCar-2899948;1933;17;17;38,66047;300;36,15385;75;4,765412;3;16;2,397218
47;Arcade;ArcadeCar-2899948;2199;17;17;43,98201;300;31,39046;75;8,90169;5;24;2,229661
48;Arcade;ArcadeCar-2899948;1729;17;17;34,5818;300;40,50478;75;3,915154;2;18;0,3197658
49;Arcade;ArcadeCar-2899948;1716;17;17;34,31567;300;41,10128;75;3,232654;1;19;0,4982706
50;Arcade;ArcadeCar-2899948;1858;17;17;37,16151;300;37,95595;75;5,822421;2;16;0,731537
0;Arcade;ArcadeCar-3000062;1695;17;17;33,90424;300;41,25847;75;3,678307;1;21;0,1637606
1;Arcade;ArcadeCar-3000062;2065;17;17;41,29549;300;33,97913;75;6,500449;6;22;1,442254
2;Arcade;ArcadeCar-3000062;2067;17;17;41,34338;300;33,35246;75;6,375531;4;21;2,962384
3;Arcade;ArcadeCar-3000062;1736;17;17;34,71629;300;41,49567;75;4,296539;3;20;0,1061452
4;Arcade;ArcadeCar-3000062;2062;17;17;41,23957;300;33,94853;75;6,545315;3;21;3,054255
5;Arcade;ArcadeCar-3000062;2045;17;17;40,905;300;34,68338;75;4,557681;6;23;2,02038
6;Arcade;ArcadeCar-3000062;1840;17;17;36,80145;300;38,11252;75;6,068822;2;25;0,0972912
7;Arcade;ArcadeCar-3000062;1875;17;17;37,49195;300;36,53156;75;5,974697;3;18;0,6826488
8;Arcade;ArcadeCar-3000062;1678;17;17;33,56641;300;41,41076;75;4,43637;1;23;0,0839892
9;Arcade;ArcadeCar-3000062;2057;17;17;41,1357;300;33,57816;75;6,655872;5;18;2,260083
10;Arcade;ArcadeCar-3000062;1760;17;17;35,20402;300;38,98559;75;4,347401;2;13;0,9847173
11;Arcade;ArcadeCar-3000062;1773;17;17;35,46061;300;39,84735;75;2,686769;1;19;1,618441
12;Arcade;ArcadeCar-3000062;1865;17;17;37,29673;300;37,72391;75;3,274324;3;20;1,354069
13;Arcade;ArcadeCar-3000062;1692;17;17;33,73359;300;41,40241;75;3,497119;1;16;0,1633722
14;Arcade;ArcadeCar-3000062;1718;17;17;34,47092;300;40,59193;75;3,90511;1;17;0,1189402
15;Arcade;ArcadeCar-3000062;1819;17;17;36,37915;300;39,09211;75;2,783705;3;18;0,3196789
16;Arcade;ArcadeCar-3000062;1666;17;17;33,31783;300;41,96201;75;2,953144;1;21;0,06050959
17;Arcade;ArcadeCar-3000062;1744;17;17;34,87992;300;39,72968;75;4,109437;3;22;1,237985
18;Arcade;ArcadeCar-3000062;2126;17;17;42,26022;300;33,42613;75;5,865361;4;23;1,457508
19;Arcade;ArcadeCar-3000062;1843;17;17;37,11675;300;38,04665;75;4,880135;2;22;0,1895328
20;Arcade;ArcadeCar-3000062;1841;17;17;36,82375;300;37,6772;75;3,994256;3;20;1,448888
21;Arcade;ArcadeCar-3000062;1707;17;17;34,1363;300;41,21808;75;2,706861;1;17;1,039127
22;Arcade;ArcadeCar-3000062;1863;17;17;37,26113;300;38,18322;75;2,888746;2;21;1,794061
23;Arcade;ArcadeCar-3000062;2008;17;17;40,16399;300;35,6903;75;4,88923;3;19;2,462675
24;Arcade;ArcadeCar-3000062;1767;17;17;35,33382;300;38,95669;75;3,766701;1;24;1,328425
25;Arcade;ArcadeCar-3000062;1937;17;17;38,74483;300;36,03789;75;5,054035;4;21;1,084308
26;Arcade;ArcadeCar-3000062;2196;17;17;43,92155;300;32,21708;75;4,752405;3;25;4,97044
27;Arcade;ArcadeCar-3000062;1869;17;17;37,37804;300;37,77605;75;2,872471;5;21;1,667835
28;Arcade;ArcadeCar-3000062;1798;17;17;35,4188;300;38,72969;75;4,451626;2;16;0,6754591
29;Arcade;ArcadeCar-3000062;1924;17;17;39,02258;300;36,36704;75;5,072237;3;21;1,040897
30;Arcade;ArcadeCar-3000062;1778;17;17;35,55517;300;39,93266;75;2,148952;2;20;0,8034937
31;Arcade;ArcadeCar-3000062;1829;17;17;36,5807;300;38,15624;75;3,473645;2;20;1,188216
32;Arcade;ArcadeCar-3000062;2318;17;17;46,36057;300;30,08371;75;9,400172;6;24;3,085519
33;Arcade;ArcadeCar-3000062;1853;17;17;37,06403;300;37,03969;75;4,63352;3;23;0,6431917
34;Arcade;ArcadeCar-3000062;1708;17;17;34,16003;300;40,65835;75;6,748456;1;22;0,040141
35;Arcade;ArcadeCar-3000062;1669;17;17;33,37353;300;41,75251;75;3,316727;0;19;0
36;Arcade;ArcadeCar-3000062;1647;17;17;32,94397;300;42,50383;75;3,822557;0;18;0
37;Arcade;ArcadeCar-3000062;2025;17;17;40,49898;300;34,22884;75;8,351625;3;21;1,141204
38;Arcade;ArcadeCar-3000062;1841;17;17;36,82349;300;38,43716;75;4,641647;1;18;1,204457
39;Arcade;ArcadeCar-3000062;1686;17;17;33,72041;300;41,5202;75;4,617891;0;23;0
40;Arcade;ArcadeCar-3000062;1908;17;17;38,15761;300;36,765;75;4,470752;3;20;0,6418103
41;Arcade;ArcadeCar-3000062;1653;17;17;33,05997;300;41,76454;75;3,406495;1;16;0,04302419
42;Arcade;ArcadeCar-3000062;2025;17;17;40,50126;300;34,78316;75;5,630569;2;24;3,468956
43;Arcade;ArcadeCar-3000062;1748;17;17;34,96044;300;39,70565;75;3,557492;1;19;0,9287121
44;Arcade;ArcadeCar-3000062;1706;17;17;34,11605;300;41,66448;75;3,850226;1;19;0,016929
45;Arcade;ArcadeCar-3000062;1717;17;17;33,95219;300;40,31077;75;3,370981;2;23;0,613572
46;Arcade;ArcadeCar-3000062;2177;17;17;43,93211;300;32,07861;75;4,735423;4;18;4,14265
47;Arcade;ArcadeCar-3000062;1877;17;17;37,53833;300;37,19971;75;4,710796;3;15;2,162507
48;Arcade;ArcadeCar-3000062;1859;17;17;37,18033;300;38,12056;75;5,659366;3;21;0,9454716
49;Arcade;ArcadeCar-3000062;1935;17;17;38,6953;300;36,34099;75;5,733888;3;17;1,378381
50;Arcade;ArcadeCar-3000062;1758;17;17;35,16063;300;39,32;75;4,747041;2;17;0,1995852
