Trial ID;Game Type;Name Model;Training Step;Race Completion;Checkpoint Max;Time;Max Time;Speed Average;Max Speed;Off Road Time;Hit Number;Max Obstacle;Obstacle Time
0;Arcade;ArcadeCar-000000;3964;17;17;79,27795;300;18,27612;75;29,41739;3;22;20,60839
1;Arcade;ArcadeCar-000000;14999;3;17;300;300;1,580055;75;1,248459;3;25;288,871
2;Arcade;ArcadeCar-000000;15000;5;17;300;300;2,076465;75;2,26616;2;21;285,7749
3;Arcade;ArcadeCar-000000;15001;5;17;300;300;2,088148;75;0,8065375;2;20;286,5522
4;Arcade;ArcadeCar-000000;2903;17;17;58,05612;300;23,11363;75;26,31743;2;22;2,870143
5;Arcade;ArcadeCar-000000;10156;17;17;203,1196;300;7,277461;75;31,86067;1;21;140,3599
6;Arcade;ArcadeCar-000000;2753;17;17;55,06256;300;25,9498;75;11,01108;4;19;7,809655
7;Arcade;ArcadeCar-000000;15000;12;17;300;300;3,741552;75;14,57867;4;21;261,6016
8;Arcade;ArcadeCar-000000;2556;17;17;51,11606;300;28,26403;75;12,81223;4;23;2,560369
9;Arcade;ArcadeCar-000000;2343;17;17;46,85496;300;30,23139;75;12,49209;1;19;3,01417
10;Arcade;ArcadeCar-000000;14999;5;17;300;300;2,133536;75;2,967103;1;16;284,6888
11;Arcade;ArcadeCar-000000;15001;8;17;300;300;2,879072;75;5,661081;2;20;277,8993
12;Arcade;ArcadeCar-000000;15000;11;17;300;300;3,786841;75;13,80493;4;21;261,8484
13;Arcade;ArcadeCar-000000;15000;1;17;300;300;0,7098056;75;0,257811;1;17;297,2507
14;Arcade;ArcadeCar-000000;2860;17;17;57,17866;300;24,41478;75;22,29241;3;24;4,434618
15;Arcade;ArcadeCar-000000;13811;17;17;276,2229;300;5,606657;75;113,348;3;16;227,9689
16;Arcade;ArcadeCar-000000;15000;10;17;300;300;3,611958;75;9,999498;4;20;268,5891
17;Arcade;ArcadeCar-000000;2434;17;17;48,66846;300;29,23593;75;14,16837;2;17;0,355673
18;Arcade;ArcadeCar-000000;12803;17;17;256,0517;300;5,932162;75;15,48453;6;21;202,9863
19;Arcade;ArcadeCar-000000;2287;17;17;45,74655;300;30,7958;75;12,68966;2;18;0,236046
20;Arcade;ArcadeCar-000000;3640;17;17;72,80641;300;19,22128;75;32,87236;3;23;9,107876
21;Arcade;ArcadeCar-000000;2957;17;17;59,13915;300;24,02737;75;19,12404;2;20;7,426944
22;Arcade;ArcadeCar-000000;3302;17;17;66,03701;300;21,60078;75;12,39377;4;20;18,55647
23;Arcade;ArcadeCar-000000;3150;17;17;62,99773;300;22,0428;75;19,16159;3;20;10,96631
24;Arcade;ArcadeCar-000000;3477;17;17;69,53964;300;20,08114;75;15,34083;7;21;15,29192
25;Arcade;ArcadeCar-000000;2796;17;17;55,92327;300;25,00591;75;20,40664;4;17;4,292187
26;Arcade;ArcadeCar-000000;2528;17;17;50,55687;300;27,88603;75;15,37914;1;18;3,773934
27;Arcade;ArcadeCar-000000;2858;17;17;57,164;300;24,33694;75;29,61294;0;18;0
28;Arcade;ArcadeCar-000000;2646;17;17;52,92116;300;27,0045;75;15,79122;2;17;3,139038
29;Arcade;ArcadeCar-000000;15000;1;17;300;300;0,706539;75;0,2598274;1;18;296,805
30;Arcade;ArcadeCar-000000;2430;17;17;48,59277;300;28,84215;75;18,346;0;23;0
31;Arcade;ArcadeCar-000000;3060;17;17;61,19986;300;22,10959;75;25,19476;2;13;3,824135
32;Arcade;ArcadeCar-000000;15000;2;17;300;300;1,275898;75;293,8288;1;20;293,421
33;Arcade;ArcadeCar-000000;2311;17;17;46,19945;300;30,62191;75;16,10806;1;23;0,1381442
34;Arcade;ArcadeCar-000000;8429;17;17;168,5919;300;8,610169;75;26,86923;4;20;110,6946
35;Arcade;ArcadeCar-000000;2427;17;17;48,54167;300;29,92217;75;16,80306;0;17;0
36;Arcade;ArcadeCar-000000;11647;17;17;232,9415;300;6,628037;75;6,03194;4;21;192,3797
37;Arcade;ArcadeCar-000000;3055;17;17;61,07915;300;22,72645;75;21,65811;2;20;6,904044
38;Arcade;ArcadeCar-000000;14999;9;17;300;300;3,114542;75;14,21056;4;22;262,2431
39;Arcade;ArcadeCar-000000;15000;9;17;300;300;3,110244;75;15,15203;2;18;266,2204
40;Arcade;ArcadeCar-000000;9801;17;17;196,0102;300;7,615714;75;23,46848;2;20;140,6022
41;Arcade;ArcadeCar-000000;6616;17;17;132,3167;300;10,71347;75;26,19445;4;21;74,89172
42;Arcade;ArcadeCar-000000;2792;17;17;55,84142;300;26,08216;75;14,90606;2;20;5,558639
43;Arcade;ArcadeCar-000000;2928;17;17;58,56134;300;23,46935;75;19,95664;2;19;7,468309
44;Arcade;ArcadeCar-000000;2593;17;17;51,84694;300;27,57483;75;20,46806;0;17;0
45;Arcade;ArcadeCar-000000;2979;17;17;59,58966;300;24,33218;75;22,91978;3;17;14,68514
46;Arcade;ArcadeCar-000000;4334;17;17;86,68118;300;16,40262;75;16,60592;2;17;37,2551
47;Arcade;ArcadeCar-000000;2375;17;17;47,50084;300;30,19506;75;16,25591;0;19;0
48;Arcade;ArcadeCar-000000;5266;17;17;105,3138;300;13,35339;75;21,75948;3;16;52,73729
49;Arcade;ArcadeCar-000000;14999;8;17;300;300;2,842485;75;7,952475;2;22;276,151
50;Arcade;ArcadeCar-000000;2481;17;17;49,59352;300;28,73699;75;12,31378;1;19;4,404725
0;Arcade;ArcadeCar-99916;2794;17;17;55,87579;300;25,45345;75;8,449875;6;19;8,750587
1;Arcade;ArcadeCar-99916;14999;2;17;300;300;1,11496;75;0,2712112;1;16;294,8137
2;Arcade;ArcadeCar-99916;15001;4;17;300;300;1,889739;75;288,7135;1;19;287,2851
3;Arcade;ArcadeCar-99916;15000;15;17;300;300;4,495186;75;16,53106;2;18;255,0553
4;Arcade;ArcadeCar-99916;2142;17;17;42,82521;300;33,43008;75;10,08377;0;15;0
5;Arcade;ArcadeCar-99916;15000;14;17;300;300;4,442042;75;9,970243;3;22;258,2203
6;Arcade;ArcadeCar-99916;5217;17;17;104,3334;300;13,66642;75;10,44818;2;24;59,45908
7;Arcade;ArcadeCar-99916;15000;8;17;300;300;2,987406;75;124,6857;2;23;269,4938
8;Arcade;ArcadeCar-99916;10774;17;17;215,4736;300;7,060734;75;7,371902;6;15;168,8144
9;Arcade;ArcadeCar-99916;15000;12;17;300;300;4,065787;75;275,7254;3;23;267,8592
10;Arcade;ArcadeCar-99916;2791;17;17;55,81149;300;25,69725;75;16,01199;4;20;2,286742
11;Arcade;ArcadeCar-99916;2199;17;17;43,97893;300;31,58477;75;11,89989;4;21;0,2011484
12;Arcade;ArcadeCar-99916;2815;17;17;56,30283;300;25,30459;75;20,08418;2;15;3,406408
13;Arcade;ArcadeCar-99916;15000;15;17;300;300;4,722267;75;10,56221;2;16;259,584
14;Arcade;ArcadeCar-99916;2736;17;17;54,71747;300;25,92844;75;12,86552;4;22;6,686022
15;Arcade;ArcadeCar-99916;14999;6;17;300;300;2,37461;75;1,031839;1;17;284,2919
16;Arcade;ArcadeCar-99916;2959;17;17;59,1602;300;23,55957;75;22,92836;5;19;6,854466
17;Arcade;ArcadeCar-99916;15000;9;17;300;300;3,108858;75;11,35431;1;18;271,0194
18;Arcade;ArcadeCar-99916;2893;17;17;57,85612;300;24,51901;75;9,717325;7;21;9,673272
19;Arcade;ArcadeCar-99916;991;7;17;300;300;34,94411;75;1,988535;1;20;1,583669
20;Arcade;ArcadeCar-99916;2345;17;17;46,90312;300;30,47244;75;13,99928;0;17;0
21;Arcade;ArcadeCar-99916;2414;17;17;48,27822;300;29,74615;75;5,221537;5;18;3,659026
22;Arcade;ArcadeCar-99916;3318;17;17;66,36059;300;22,09513;75;5,071773;2;17;25,6412
23;Arcade;ArcadeCar-99916;1831;17;17;36,61693;300;39,51142;75;3,348961;1;18;0,1002306
24;Arcade;ArcadeCar-99916;15000;7;17;300;300;2,511934;75;0,9578457;1;23;283,2565
25;Arcade;ArcadeCar-99916;10134;17;17;202,6737;300;7,290764;75;9,254495;3;18;159,9565
26;Arcade;ArcadeCar-99916;2222;17;17;44,43687;300;31,9059;75;10,60667;1;23;0,335832
27;Arcade;ArcadeCar-99916;2804;17;17;56,08205;300;25,83758;75;2,631886;6;21;11,401
28;Arcade;ArcadeCar-99916;2286;17;17;45,71861;300;30,92856;75;11,74653;2;20;0,4909868
29;Arcade;ArcadeCar-99916;14999;16;17;300;300;4,935829;75;11,08598;2;23;260,1374
30;Arcade;ArcadeCar-99916;2440;17;17;48,76826;300;28,80448;75;18,21599;1;23;0,03533839
31;Arcade;ArcadeCar-99916;2079;17;17;41,59282;300;34,53271;75;7,638214;2;16;0,1608796
32;Arcade;ArcadeCar-99916;3339;17;17;66,78092;300;21,66026;75;13,90979;4;21;15,82379
33;Arcade;ArcadeCar-99916;15000;7;17;300;300;2,564516;75;2,741202;2;16;281,3344
34;Arcade;ArcadeCar-99916;2115;17;17;42,29321;300;33,72361;75;6,629972;2;18;0,20139
35;Arcade;ArcadeCar-99916;15000;1;17;300;300;0,6986673;75;0,2789594;1;22;297,0913
36;Arcade;ArcadeCar-99916;15000;15;17;300;300;4,746161;75;13,38491;2;20;256,0698
37;Arcade;ArcadeCar-99916;2492;17;17;49,82834;300;27,23503;75;16,28679;1;20;2,441245
38;Arcade;ArcadeCar-99916;4241;17;17;84,82159;300;17,32738;75;10,1452;3;20;34,31618
39;Arcade;ArcadeCar-99916;2353;17;17;46,87896;300;30,61555;75;5,04;3;20;5,397509
40;Arcade;ArcadeCar-99916;1994;17;17;40,06147;300;36,54041;75;6,894747;2;19;0,06293261
41;Arcade;ArcadeCar-99916;2924;17;17;58,47963;300;24,68119;75;15,2487;4;20;7,72378
42;Arcade;ArcadeCar-99916;3935;17;17;78,70118;300;18,05557;75;11,12184;1;16;34,48277
43;Arcade;ArcadeCar-99916;15000;1;17;300;300;0,7109236;75;0,2624204;1;19;297,0439
44;Arcade;ArcadeCar-99916;12927;17;17;258,5316;300;6,074819;75;4,892419;3;19;220,0538
45;Arcade;ArcadeCar-99916;2092;17;17;41,83837;300;33,80244;75;8,622382;2;14;0,24049
46;Arcade;ArcadeCar-99916;2640;17;17;52,80345;300;26,98783;75;9,054935;4;17;5,895477
47;Arcade;ArcadeCar-99916;2504;17;17;50,07945;300;28,83302;75;17,64345;1;20;3,891679
48;Arcade;ArcadeCar-99916;14999;5;17;300;300;2,135417;75;0,2799536;1;19;287,1323
49;Arcade;ArcadeCar-99916;2418;17;17;48,33815;300;28,43988;75;16,82077;2;18;0,869024
50;Arcade;ArcadeCar-99916;2553;17;17;51,06398;300;28,36468;75;6,226213;2;22;8,129168
0;Arcade;ArcadeCar-199923;2003;17;17;40,05874;300;35,23991;75;7,827809;1;21;1,524809
1;Arcade;ArcadeCar-199923;14999;7;17;300;300;2,522622;75;0,27653;4;16;281,7392
2;Arcade;ArcadeCar-199923;1847;17;17;36,91621;300;38,89808;75;4,019467;1;22;0,1596716
3;Arcade;ArcadeCar-199923;1890;17;17;37,80138;300;37,86606;75;2,849047;2;19;1,780133
4;Arcade;ArcadeCar-199923;15023;7;17;300;300;2,52698;75;0,2585366;2;21;284,2961
5;Arcade;ArcadeCar-199923;2110;17;17;41,87779;300;33,53128;75;5,413898;3;22;1,485086
6;Arcade;ArcadeCar-199923;2370;17;17;47,72166;300;30,86372;75;9,058007;3;17;3,481853
7;Arcade;ArcadeCar-199923;2295;17;17;45,89536;300;30,57475;75;6,442832;4;20;6,155008
8;Arcade;ArcadeCar-199923;2033;17;17;40,66092;300;35,4543;75;2,978348;3;19;2,739934
9;Arcade;ArcadeCar-199923;2014;17;17;40,27961;300;35,06643;75;6,455343;2;18;0,757647
10;Arcade;ArcadeCar-199923;7586;17;17;151,7207;300;9,881888;75;41,30826;4;22;112,4271
11;Arcade;ArcadeCar-199923;2363;17;17;46,97747;300;30,37893;75;5,438101;2;20;9,999043
12;Arcade;ArcadeCar-199923;1990;17;17;40,08406;300;35,60327;75;7,598035;0;18;0
13;Arcade;ArcadeCar-199923;1783;17;17;35,6619;300;39,2755;75;4,548196;1;17;0,3584706
14;Arcade;ArcadeCar-199923;3358;17;17;67,15879;300;21,55233;75;6,05243;4;22;25,49078
15;Arcade;ArcadeCar-199923;6341;17;17;126,8215;300;11,42528;75;7,398989;4;21;83,19111
16;Arcade;ArcadeCar-199923;3732;17;17;74,63391;300;19,62613;75;35,97713;3;17;35,05677
17;Arcade;ArcadeCar-199923;1765;17;17;35,30621;300;40,40178;75;3,685028;2;22;0,1760488
18;Arcade;ArcadeCar-199923;2136;17;17;42,71593;300;33,65382;75;5,05968;5;20;1,750707
19;Arcade;ArcadeCar-199923;2772;17;17;55,438;300;26,33889;75;15,16582;4;22;7,357893
20;Arcade;ArcadeCar-199923;2170;17;17;43,40399;300;33,66848;75;7,855027;2;17;5,571387
21;Arcade;ArcadeCar-199923;3871;17;17;77,41903;300;18,82166;75;8,510897;4;22;31,94789
22;Arcade;ArcadeCar-199923;2145;17;17;42,90285;300;33,3577;75;9,240868;2;19;4,408642
23;Arcade;ArcadeCar-199923;2261;17;17;45,21825;300;31,90184;75;2,774461;3;19;6,754947
24;Arcade;ArcadeCar-199923;2405;17;17;48,10013;300;29,44536;75;9,927312;2;22;7,065897
25;Arcade;ArcadeCar-199923;15000;16;17;300;300;5,117612;75;10,33858;2;21;257,5777
26;Arcade;ArcadeCar-199923;2611;17;17;52,21436;300;27,14972;75;12,44614;3;23;5,859065
27;Arcade;ArcadeCar-199923;15000;7;17;300;300;2,756009;75;1,946901;1;18;281,1929
28;Arcade;ArcadeCar-199923;2327;17;17;46,53381;300;30,66952;75;12,40951;2;20;6,166294
29;Arcade;ArcadeCar-199923;2129;17;17;42,58072;300;34,09446;75;7,389518;3;18;2,079494
30;Arcade;ArcadeCar-199923;14999;5;17;300;300;2,131874;75;6,082865;3;19;282,9832
31;Arcade;ArcadeCar-199923;1930;17;17;38,58197;300;37,35394;75;2,765536;2;21;1,036467
32;Arcade;ArcadeCar-199923;15000;12;17;300;300;4,095077;75;7,706223;4;25;261,7356
33;Arcade;ArcadeCar-199923;2376;17;17;47,27863;300;30,38617;75;12,99875;4;20;1,997189
34;Arcade;ArcadeCar-199923;1779;17;17;35,81808;300;40,6732;75;1,895122;1;16;0,0639624
35;Arcade;ArcadeCar-199923;2127;17;17;42,53587;300;34,0091;75;4,569439;1;20;3,596906
36;Arcade;ArcadeCar-199923;2145;17;17;42,90016;300;33,14658;75;7,581124;2;20;0,1652602
37;Arcade;ArcadeCar-199923;2005;17;17;40,09929;300;36,26188;75;5,287251;3;20;0,6308396
38;Arcade;ArcadeCar-199923;1760;17;17;35,20144;300;40,60209;75;3,120958;1;13;0,0658538
39;Arcade;ArcadeCar-199923;1931;17;17;38,61974;300;37,02827;75;5,855585;1;17;0,0375822
40;Arcade;ArcadeCar-199923;2352;17;17;47,04197;300;29,66231;75;11,03788;2;19;3,374747
41;Arcade;ArcadeCar-199923;14999;5;17;300;300;2,053715;75;0,308502;1;20;287,4383
42;Arcade;ArcadeCar-199923;3067;17;17;61,31451;300;22,60624;75;16,23848;4;15;10,25297
43;Arcade;ArcadeCar-199923;1945;17;17;38,90255;300;37,04108;75;3,653216;3;18;0,3804798
44;Arcade;ArcadeCar-199923;1999;17;17;39,98341;300;35,35468;75;8,320619;1;20;1,778989
45;Arcade;ArcadeCar-199923;3449;17;17;68,97962;300;21,28245;75;8,197819;4;20;24,56861
46;Arcade;ArcadeCar-199923;2959;17;17;59,17719;300;24,41577;75;11,86421;8;23;8,397136
47;Arcade;ArcadeCar-199923;3480;17;17;69,60006;300;21,07306;75;31,90097;4;20;28,26272
48;Arcade;ArcadeCar-199923;2433;17;17;48,65825;300;28,96554;75;13,69545;3;18;2,860289
49;Arcade;ArcadeCar-199923;14999;8;17;300;300;2,863865;75;47,40733;3;18;277,2534
50;Arcade;ArcadeCar-199923;1889;17;17;37,7578;300;37,82659;75;3,045324;1;14;0,1855686
0;Arcade;ArcadeCar-299941;1789;17;17;35,77835;300;39,85805;75;4,427055;0;18;0
1;Arcade;ArcadeCar-299941;1909;17;17;37,92491;300;37,78119;75;3,735132;2;16;1,348656
2;Arcade;ArcadeCar-299941;14987;1;17;300;300;0,7147385;75;0;1;21;296,9381
3;Arcade;ArcadeCar-299941;2474;17;17;49,47656;300;28,89754;75;5,988195;4;22;5,232387
4;Arcade;ArcadeCar-299941;15014;9;17;300;300;3,189597;75;2,892441;1;22;278,418
5;Arcade;ArcadeCar-299941;2588;17;17;51,75172;300;28,04903;75;11,90932;5;22;4,549066
6;Arcade;ArcadeCar-299941;2251;17;17;44,43385;300;31,4233;75;8,582819;2;21;1,319578
7;Arcade;ArcadeCar-299941;1791;17;17;36,40426;300;40,36871;75;3,183504;1;20;0,1008972
8;Arcade;ArcadeCar-299941;2188;17;17;43,76623;300;32,84881;75;2,50335;3;16;5,046585
9;Arcade;ArcadeCar-299941;15000;6;17;300;300;2,395813;75;1,942945;2;25;281,9989
10;Arcade;ArcadeCar-299941;15000;7;17;300;300;2,452739;75;0,7594617;1;19;284,3711
11;Arcade;ArcadeCar-299941;2111;17;17;42,20426;300;33,37718;75;2,891408;4;14;4,879529
12;Arcade;ArcadeCar-299941;15023;15;17;300;300;4,728302;75;9,233191;3;21;259,0728
13;Arcade;ArcadeCar-299941;2473;17;17;49,44044;300;29,08217;75;7,158782;3;22;7,376965
14;Arcade;ArcadeCar-299941;2055;17;17;41,10631;300;35,14215;75;6,346341;1;17;1,127056
15;Arcade;ArcadeCar-299941;2019;17;17;39,78376;300;35,04271;75;5,490595;2;19;1,461606
16;Arcade;ArcadeCar-299941;14970;12;17;300;300;4,148643;75;4,08742;3;24;268,8139
17;Arcade;ArcadeCar-299941;15000;6;17;300;300;2,35196;75;0,588112;2;18;284,3925
18;Arcade;ArcadeCar-299941;2167;17;17;43,32065;300;33,13666;75;3,000839;4;20;2,031006
19;Arcade;ArcadeCar-299941;15000;2;17;300;300;1,234151;75;0,2546732;1;24;293,7291
20;Arcade;ArcadeCar-299941;2050;17;17;40,99635;300;34,80163;75;4,973974;2;16;2,706044
21;Arcade;ArcadeCar-299941;15000;2;17;300;300;1,258934;75;0,2600242;1;23;293,8581
22;Arcade;ArcadeCar-299941;1799;17;17;35,97216;300;40,35777;75;2,916653;1;18;0,1008772
23;Arcade;ArcadeCar-299941;14311;17;17;286,2205;300;5,481412;75;6,345855;3;17;245,0359
24;Arcade;ArcadeCar-299941;9953;17;17;199,0536;300;7,524632;75;16,15974;5;20;146,8507
25;Arcade;ArcadeCar-299941;3203;17;17;64,06094;300;22,681;75;10,28419;7;21;17,72476
26;Arcade;ArcadeCar-299941;2423;17;17;48,45971;300;29,29222;75;14,52311;4;21;1,517295
27;Arcade;ArcadeCar-299941;2048;17;17;40,96531;300;34,73571;75;4,403722;4;21;1,587109
28;Arcade;ArcadeCar-299941;1808;17;17;36,15487;300;39,07049;75;2,601555;3;18;0,8599793
29;Arcade;ArcadeCar-299941;2423;17;17;48,46027;300;30,19203;75;7,088176;2;22;6,135314
30;Arcade;ArcadeCar-299941;1968;17;17;39,36091;300;36,89065;75;5,589481;1;13;1,507802
31;Arcade;ArcadeCar-299941;2192;17;17;43,61982;300;32,89322;75;5,235927;3;20;3,6418
32;Arcade;ArcadeCar-299941;2318;17;17;46,58068;300;31,35367;75;7,39442;2;26;6,452079
33;Arcade;ArcadeCar-299941;14999;6;17;300;300;2,365169;75;0,2809888;1;24;285,3517
34;Arcade;ArcadeCar-299941;6675;17;17;133,4798;300;11,06324;75;8,631131;5;18;88,72015
35;Arcade;ArcadeCar-299941;12861;17;17;257,2203;300;6,038032;75;3,727827;4;18;218,7894
36;Arcade;ArcadeCar-299941;1934;17;17;38,67969;300;37,32635;75;3,062586;2;19;1,00981
37;Arcade;ArcadeCar-299941;2090;17;17;41,79847;300;34,51812;75;7,971763;2;18;0,1175756
38;Arcade;ArcadeCar-299941;14999;13;17;300;300;4,298974;75;1,476802;2;17;271,467
39;Arcade;ArcadeCar-299941;2020;17;17;39,83164;300;35,57543;75;1,710814;4;21;3,039069
40;Arcade;ArcadeCar-299941;2340;17;17;47,34843;300;30,88688;75;3,893414;5;21;6,495692
41;Arcade;ArcadeCar-299941;2364;17;17;47,27659;300;30,50877;75;6,375497;3;20;5,668319
42;Arcade;ArcadeCar-299941;2125;17;17;42,50414;300;33,92636;75;9,286001;1;20;0,2785906
43;Arcade;ArcadeCar-299941;2222;17;17;44,44268;300;31,88473;75;5,536397;2;16;5,995667
44;Arcade;ArcadeCar-299941;4443;17;17;88,37299;300;16,51317;75;3,958968;4;19;47,83132
45;Arcade;ArcadeCar-299941;1734;17;17;35,16298;300;40,9649;75;3,872047;1;21;0,08058959
46;Arcade;ArcadeCar-299941;2156;17;17;43,12277;300;33,42693;75;4,052691;3;18;3,156215
47;Arcade;ArcadeCar-299941;2563;17;17;51,26125;300;28,12829;75;10,28097;5;21;5,776207
48;Arcade;ArcadeCar-299941;2552;17;17;51,03771;300;28,64145;75;9,217389;5;22;4,620432
49;Arcade;ArcadeCar-299941;15000;12;17;300;300;4,007697;75;2,478233;5;22;271,5506
50;Arcade;ArcadeCar-299941;2815;17;17;56,29289;300;26,07956;75;11,38655;3;20;11,8012
0;Arcade;ArcadeCar-399902;3244;17;17;64,88127;300;22,29126;75;3,008067;4;24;25,31771
1;Arcade;ArcadeCar-399902;2020;17;17;40,39977;300;34,92475;75;5,294432;3;22;1,925007
2;Arcade;ArcadeCar-399902;2184;17;17;43,67994;300;32,43061;75;5,156214;6;23;6,035912
3;Arcade;ArcadeCar-399902;15000;15;17;300;300;4,845264;75;4,221517;6;23;260,0946
4;Arcade;ArcadeCar-399902;15001;2;17;300;300;1,123849;75;0,2587934;1;21;294,7411
5;Arcade;ArcadeCar-399902;2029;17;17;40,57068;300;35,66154;75;3,912253;3;17;3,178406
6;Arcade;ArcadeCar-399902;8465;17;17;169,2976;300;9,002923;75;5,761505;5;20;128,3933
7;Arcade;ArcadeCar-399902;15000;12;17;300;300;4,178864;75;2,446226;1;14;272,678
8;Arcade;ArcadeCar-399902;15000;8;17;300;300;2,899766;75;1,40247;5;20;278,3886
9;Arcade;ArcadeCar-399902;15000;1;17;300;300;0,7204067;75;0,2693588;1;25;297,3257
10;Arcade;ArcadeCar-399902;2922;17;17;58,42249;300;24,21128;75;14,98376;6;18;13,61839
11;Arcade;ArcadeCar-399902;2432;17;17;48,63955;300;29,32286;75;6,607088;4;18;7,968461
12;Arcade;ArcadeCar-399902;2064;17;17;41,27804;300;34,92006;75;3,684756;4;21;2,475574
13;Arcade;ArcadeCar-399902;15006;7;17;300;300;2,758765;75;1,741031;2;20;279,6395
14;Arcade;ArcadeCar-399902;2119;17;17;42,35728;300;35,06029;75;10,16983;1;16;4,493898
15;Arcade;ArcadeCar-399902;3297;17;17;65,94306;300;22,2512;75;7,475508;3;20;23,07745
16;Arcade;ArcadeCar-399902;2235;17;17;44,69683;300;32,37781;75;5,611149;5;23;2,358669
17;Arcade;ArcadeCar-399902;2318;17;17;46,3618;300;30,58661;75;3,963296;5;21;6,001801
18;Arcade;ArcadeCar-399902;11016;17;17;220,3163;300;6,909155;75;2,153861;5;22;179,305
19;Arcade;ArcadeCar-399902;1772;17;17;35,44065;300;41,18771;75;2,786274;2;22;0,04803899
20;Arcade;ArcadeCar-399902;15000;10;17;300;300;3,279616;75;10,52224;3;22;268,8135
21;Arcade;ArcadeCar-399902;13177;17;17;263,5383;300;5,973381;75;226,3767;5;23;220,5832
22;Arcade;ArcadeCar-399902;2099;17;17;41,97994;300;34,59321;75;7,683847;1;22;0,6742443
23;Arcade;ArcadeCar-399902;2825;17;17;56,49937;300;25,90248;75;4,880201;6;19;14,11359
24;Arcade;ArcadeCar-399902;2116;17;17;42,31499;300;33,16;75;6,823182;3;24;1,518674
25;Arcade;ArcadeCar-399902;2554;17;17;51,08278;300;27,52262;75;15,32283;5;21;4,336668
26;Arcade;ArcadeCar-399902;2391;17;17;47,55693;300;30,15873;75;7,963482;3;18;5,508781
27;Arcade;ArcadeCar-399902;2276;17;17;45,78135;300;31,42098;75;11,15995;1;17;0,7619398
28;Arcade;ArcadeCar-399902;2093;17;17;41,86401;300;33,8084;75;3,912707;3;18;2,555097
29;Arcade;ArcadeCar-399902;2467;17;17;49,33377;300;28,87348;75;11,62225;1;21;4,87582
30;Arcade;ArcadeCar-399902;2253;17;17;45,06381;300;32,28013;75;4,958831;3;22;5,047549
31;Arcade;ArcadeCar-399902;14999;8;17;300;300;2,821607;75;5,307184;3;20;276,8024
32;Arcade;ArcadeCar-399902;15001;7;17;300;300;2,429241;75;1,089752;2;23;284,5039
33;Arcade;ArcadeCar-399902;15000;9;17;300;300;3,195952;75;2,522661;2;19;278,0354
34;Arcade;ArcadeCar-399902;1813;17;17;36,24178;300;39,48042;75;5,775281;1;18;0,08031201
35;Arcade;ArcadeCar-399902;5838;17;17;116,7601;300;12,60294;75;4,316041;4;21;76,08038
36;Arcade;ArcadeCar-399902;2821;17;17;56,41904;300;25,46954;75;2,724573;5;18;14,10763
37;Arcade;ArcadeCar-399902;2192;17;17;43,84668;300;33,01493;75;5,877177;3;17;3,358396
38;Arcade;ArcadeCar-399902;2051;17;17;41,01409;300;34,94156;75;6,350911;3;19;1,396847
39;Arcade;ArcadeCar-399902;15000;5;17;300;300;2,109465;75;1,899756;2;22;286,3221
40;Arcade;ArcadeCar-399902;4276;17;17;85,51677;300;16,91419;75;24,76361;3;21;42,12685
41;Arcade;ArcadeCar-399902;1965;17;17;39,30107;300;35,70798;75;6,859482;1;19;1,016813
42;Arcade;ArcadeCar-399902;4501;17;17;90,01944;300;16,13588;75;4,484262;6;20;50,13829
43;Arcade;ArcadeCar-399902;15000;7;17;300;300;2,576917;75;5,131769;2;21;282,1854
44;Arcade;ArcadeCar-399902;2573;17;17;51,45153;300;28,25358;75;9,192636;5;20;5,068778
45;Arcade;ArcadeCar-399902;2506;17;17;50,11775;300;28,96376;75;5,420726;2;23;10,16278
46;Arcade;ArcadeCar-399902;14999;6;17;300;300;2,360271;75;0,3307632;2;19;285,4898
47;Arcade;ArcadeCar-399902;2475;17;17;49,47446;300;27,72387;75;8,267882;6;20;5,841907
48;Arcade;ArcadeCar-399902;14999;2;17;300;300;1,287036;75;294,1647;1;16;293,7927
49;Arcade;ArcadeCar-399902;1983;17;17;39,64299;300;35,68821;75;5,633323;2;21;0,3026484
50;Arcade;ArcadeCar-399902;2107;17;17;41,89594;300;33,93769;75;3,646698;4;21;4,764658
0;Arcade;ArcadeCar-499968;2304;17;17;46,32113;300;30,06148;75;9,178132;3;22;1,057179
1;Arcade;ArcadeCar-499968;2924;17;17;58,47872;300;24,4739;75;3,958499;3;19;17,31573
2;Arcade;ArcadeCar-499968;1956;17;17;39,1183;300;36,80153;75;3,40241;3;24;0,146772
3;Arcade;ArcadeCar-499968;2046;17;17;40,92043;300;34,75968;75;4,270815;2;22;4,713848
4;Arcade;ArcadeCar-499968;1967;17;17;39,33921;300;36,7617;75;4,265771;2;18;0,1342604
5;Arcade;ArcadeCar-499968;2368;17;17;47,36309;300;29,87173;75;6,228142;4;20;4,282581
6;Arcade;ArcadeCar-499968;2367;17;17;47,34325;300;29,15578;75;17,00031;1;14;1,195024
7;Arcade;ArcadeCar-499968;2338;17;17;46,75969;300;30,33701;75;5,880703;5;20;5,365122
8;Arcade;ArcadeCar-499968;1918;17;17;38,10275;300;37,9885;75;4,986035;1;20;0,6067134
9;Arcade;ArcadeCar-499968;5757;17;17;115,3922;300;12,78502;75;7,900551;3;15;76,40215
10;Arcade;ArcadeCar-499968;3150;17;17;63,00144;300;22,9494;75;3,015005;5;21;21,49839
11;Arcade;ArcadeCar-499968;2652;17;17;53,04277;300;27,02063;75;9,040582;6;21;8,264472
12;Arcade;ArcadeCar-499968;2263;17;17;45,25378;300;32,12128;75;5,668484;4;19;3,18537
13;Arcade;ArcadeCar-499968;1898;17;17;37,96086;300;36,7501;75;4,236799;2;24;1,545969
14;Arcade;ArcadeCar-499968;2062;17;17;41,24503;300;33,96706;75;5,945364;4;23;1,999939
15;Arcade;ArcadeCar-499968;1945;17;17;38,89941;300;37,34347;75;5,382786;1;17;0,4414988
16;Arcade;ArcadeCar-499968;14999;12;17;300;300;3,943986;75;4,565773;3;22;271,0565
17;Arcade;ArcadeCar-499968;2045;17;17;40,88169;300;35,26881;75;3,100943;4;22;3,866576
18;Arcade;ArcadeCar-499968;2043;17;17;40,85796;300;34,00832;75;5,790462;5;21;0,7141837
19;Arcade;ArcadeCar-499968;1786;17;17;35,72295;300;39,70929;75;3,590004;2;18;0,105525
20;Arcade;ArcadeCar-499968;15000;9;17;300;300;3,201355;75;5,514375;3;23;273,3658
21;Arcade;ArcadeCar-499968;1887;17;17;37,73436;300;37,49661;75;4,956806;1;17;0,0628732
22;Arcade;ArcadeCar-499968;2614;17;17;52,27919;300;27,78732;75;15,9522;3;22;5,658894
23;Arcade;ArcadeCar-499968;2953;17;17;59,05543;300;24,29492;75;12,55218;6;17;10,44173
24;Arcade;ArcadeCar-499968;1747;17;17;34,9409;300;41,131;75;4,699841;0;21;0
25;Arcade;ArcadeCar-499968;2307;17;17;46,14368;300;30,19997;75;10,64725;4;19;2,10465
26;Arcade;ArcadeCar-499968;1732;17;17;34,63495;300;41,11202;75;2,806549;1;25;0,1414184
27;Arcade;ArcadeCar-499968;1911;17;17;38,20043;300;37,14568;75;2,83448;4;19;0,9291295
28;Arcade;ArcadeCar-499968;2043;17;17;40,88631;300;34,37676;75;4,55184;4;20;2,286854
29;Arcade;ArcadeCar-499968;14269;17;17;285,3752;300;5,557488;75;3,740346;3;22;247,6428
30;Arcade;ArcadeCar-499968;2632;17;17;52,64043;300;27,73439;75;7,104485;4;20;9,76492
31;Arcade;ArcadeCar-499968;14999;2;17;300;300;1,305025;75;294,223;1;22;293,6529
32;Arcade;ArcadeCar-499968;2023;17;17;40,05757;300;35,79357;75;3,558036;6;21;1,77114
33;Arcade;ArcadeCar-499968;2449;17;17;49,36238;300;29,44323;75;1,898969;6;20;9,083663
34;Arcade;ArcadeCar-499968;1918;17;17;38,36385;300;37,49064;75;5,759936;1;21;0,0330698
35;Arcade;ArcadeCar-499968;1773;17;17;35,45803;300;39,5962;75;3,818903;1;19;0,1769276
36;Arcade;ArcadeCar-499968;1800;17;17;35,99993;300;39,83422;75;2,523656;2;20;0,3981175
37;Arcade;ArcadeCar-499968;1820;17;17;35,9514;300;39,65252;75;4,751775;1;18;0,0235028
38;Arcade;ArcadeCar-499968;2022;17;17;40,88566;300;34,4922;75;7,421584;2;21;1,256521
39;Arcade;ArcadeCar-499968;1953;17;17;39,05813;300;36,96453;75;3,801702;3;18;1,978643
40;Arcade;ArcadeCar-499968;2230;17;17;44,60029;300;31,73978;75;3,532466;3;19;4,927227
41;Arcade;ArcadeCar-499968;3812;17;17;76,23949;300;19,43008;75;34,48391;5;22;27,09517
42;Arcade;ArcadeCar-499968;13492;17;17;269,8446;300;5,713069;75;4,964471;3;19;229,5792
43;Arcade;ArcadeCar-499968;5982;17;17;119,637;300;12,12848;75;36,07576;5;21;75,23293
44;Arcade;ArcadeCar-499968;2277;17;17;45,37089;300;31,81932;75;6,279807;3;23;3,085178
45;Arcade;ArcadeCar-499968;2153;17;17;43,23372;300;33,1615;75;3,834744;4;22;4,178719
46;Arcade;ArcadeCar-499968;2436;17;17;48,71534;300;29,89638;75;9,045419;4;22;5,560172
47;Arcade;ArcadeCar-499968;2117;17;17;42,34128;300;33,57182;75;10,6613;2;19;1,60376
48;Arcade;ArcadeCar-499968;2095;17;17;41,90071;300;34,36061;75;3,700343;4;22;3,001287
49;Arcade;ArcadeCar-499968;1968;17;17;39,36195;300;36,34691;75;4,641719;4;23;0,4568144
50;Arcade;ArcadeCar-499968;5985;17;17;119,6942;300;11,90719;75;9,731108;6;21;73,47609
0;Arcade;ArcadeCar-599898;6996;17;17;139,9261;300;10,68022;75;3,940511;5;20;99,55452
1;Arcade;ArcadeCar-599898;1996;17;17;39,91624;300;35,89172;75;2,378891;4;24;1,270984
2;Arcade;ArcadeCar-599898;2344;17;17;46,87791;300;30,20519;75;8,667363;5;21;4,57863
3;Arcade;ArcadeCar-599898;15027;2;17;300;300;1,286475;75;0,2512634;2;19;292,829
4;Arcade;ArcadeCar-599898;2265;17;17;45,28935;300;32,19949;75;9,427808;2;20;1,596337
5;Arcade;ArcadeCar-599898;2097;17;17;41,93757;300;34,37579;75;2,84855;4;18;2,353084
6;Arcade;ArcadeCar-599898;2042;17;17;40,83957;300;35,28316;75;6,619;4;19;0,5206079
7;Arcade;ArcadeCar-599898;1976;17;17;39,52034;300;36,53644;75;3,805325;2;18;2,437427
8;Arcade;ArcadeCar-599898;1915;17;17;38,30302;300;37,36764;75;6,09937;1;18;0,2625667
9;Arcade;ArcadeCar-599898;6768;17;17;135,3575;300;10,93709;75;5,113434;2;22;97,92319
10;Arcade;ArcadeCar-599898;1767;17;17;35,34302;300;40,71211;75;5,139017;0;20;0
11;Arcade;ArcadeCar-599898;15013;3;17;300;300;1,442031;75;280,0785;1;15;292,5889
12;Arcade;ArcadeCar-599898;3052;17;17;60,86132;300;23,65238;75;4,932825;6;20;17,74607
13;Arcade;ArcadeCar-599898;14991;15;17;300;300;4,783817;75;3,408983;3;23;267,3322
14;Arcade;ArcadeCar-599898;2430;17;17;48,58355;300;29,60945;75;13,73383;5;22;3,195354
15;Arcade;ArcadeCar-599898;2092;17;17;41,83445;300;33,88002;75;9,263065;1;18;0,3373048
16;Arcade;ArcadeCar-599898;1941;17;17;38,82101;300;36,81721;75;7,431189;2;21;0,2125718
17;Arcade;ArcadeCar-599898;2300;17;17;46,00405;300;31,15097;75;6,326901;4;20;3,824468
18;Arcade;ArcadeCar-599898;1893;17;17;37,86018;300;37,87003;75;3,968158;2;21;0,5168825
19;Arcade;ArcadeCar-599898;2040;17;17;40,63087;300;35,65549;75;4,568845;4;20;0,6452025
20;Arcade;ArcadeCar-599898;1961;17;17;39,38236;300;36,08957;75;4,38378;4;21;0,641035
21;Arcade;ArcadeCar-599898;1886;17;17;37,72158;300;38,21613;75;3,942553;2;20;2,774926
22;Arcade;ArcadeCar-599898;4186;17;17;83,7211;300;17,05663;75;10,68545;7;23;37,74694
23;Arcade;ArcadeCar-599898;5900;17;17;118,0002;300;12,40238;75;7,744102;4;19;77,375
24;Arcade;ArcadeCar-599898;2159;17;17;43,17789;300;33,0656;75;3,243275;3;14;5,590032
25;Arcade;ArcadeCar-599898;1937;17;17;38,73868;300;37,23345;75;6,403534;3;19;0,8263168
26;Arcade;ArcadeCar-599898;1769;17;17;35,38067;300;40,54316;75;2,783798;1;15;0,7538522
27;Arcade;ArcadeCar-599898;1749;17;17;34,98232;300;40,71321;75;3,700266;1;19;0,1609584
28;Arcade;ArcadeCar-599898;2982;17;17;59,64479;300;24,36133;75;8,509192;3;22;18,27529
29;Arcade;ArcadeCar-599898;2069;17;17;41,37791;300;34,25053;75;7,812975;1;16;1,720259
30;Arcade;ArcadeCar-599898;2086;17;17;41,7201;300;34,59463;75;8,531157;2;19;2,086685
31;Arcade;ArcadeCar-599898;1731;17;17;34,61957;300;41,3328;75;1,496091;3;18;0,1565006
32;Arcade;ArcadeCar-599898;2210;17;17;43,91099;300;32,69061;75;4,563658;6;17;3,184592
33;Arcade;ArcadeCar-599898;1953;17;17;39,34517;300;36,56895;75;5,928121;2;21;2,044137
34;Arcade;ArcadeCar-599898;1752;17;17;35,04042;300;40,89625;75;2,93504;1;16;0,06604961
35;Arcade;ArcadeCar-599898;1889;17;17;37,77956;300;36,8439;75;6,595963;2;21;0,1380466
36;Arcade;ArcadeCar-599898;2147;17;17;42,94503;300;32,97536;75;6,024252;5;22;2,361709
37;Arcade;ArcadeCar-599898;2166;17;17;43,32064;300;33,32748;75;9,017394;1;14;0,9861819
38;Arcade;ArcadeCar-599898;1765;17;17;35,29405;300;40,28479;75;3,505785;1;23;0,0651662
39;Arcade;ArcadeCar-599898;2219;17;17;44,38549;300;31,35375;75;15,84763;1;19;1,168085
40;Arcade;ArcadeCar-599898;2195;17;17;43,90048;300;32,59575;75;5,120774;3;17;3,520362
41;Arcade;ArcadeCar-599898;2204;17;17;43,88293;300;32,19796;75;8,592172;3;17;1,327992
42;Arcade;ArcadeCar-599898;2102;17;17;42,23558;300;34,48236;75;4,116572;3;22;2,36306
43;Arcade;ArcadeCar-599898;1839;17;17;36,77822;300;38,61134;75;2,089239;1;19;2,372902
44;Arcade;ArcadeCar-599898;1754;17;17;35,07676;300;40,42662;75;3,321484;1;17;0,6666667
45;Arcade;ArcadeCar-599898;1922;17;17;38,44322;300;37,33127;75;2,184033;5;25;0,6605689
46;Arcade;ArcadeCar-599898;14999;12;17;300;300;4,066232;75;5,604309;5;22;267,3193
47;Arcade;ArcadeCar-599898;1740;17;17;34,77795;300;40,65655;75;3,137172;1;21;0,0566144
48;Arcade;ArcadeCar-599898;5020;17;17;100,4028;300;14,57714;75;5,38855;3;16;63,37837
49;Arcade;ArcadeCar-599898;2158;17;17;43,16045;300;33,02735;75;6,636228;4;20;1,606249
50;Arcade;ArcadeCar-599898;1875;17;17;37,49838;300;38,90265;75;4,533752;1;15;0,0420352
0;Arcade;ArcadeCar-699937;3523;17;17;70,4357;300;20,90041;75;6,171233;2;20;29,47666
1;Arcade;ArcadeCar-699937;2463;17;17;49,28682;300;29,44013;75;6,630476;6;21;5,558265
2;Arcade;ArcadeCar-699937;1903;17;17;38,05911;300;37,14955;75;3,098422;3;20;1,716642
3;Arcade;ArcadeCar-699937;3140;17;17;62,79537;300;23,28922;75;11,17416;5;20;15,39429
4;Arcade;ArcadeCar-699937;1947;17;17;38,94196;300;36,54647;75;7,030028;2;24;1,253192
5;Arcade;ArcadeCar-699937;1852;17;17;37,04283;300;39,33513;75;3,498277;1;18;0,6656389
6;Arcade;ArcadeCar-699937;2363;17;17;47,26066;300;29,92098;75;12,76622;3;22;2,398576
7;Arcade;ArcadeCar-699937;1975;17;17;39,49542;300;35,77787;75;5,43562;2;20;1,656083
8;Arcade;ArcadeCar-699937;1754;17;17;35,07972;300;40,33381;75;3,098297;2;17;1,200897
9;Arcade;ArcadeCar-699937;973;7;17;300;300;35,36379;75;3,377764;1;24;0,5252465
10;Arcade;ArcadeCar-699937;15000;2;17;300;300;1,296058;75;0,282438;2;22;293,39
11;Arcade;ArcadeCar-699937;2135;17;17;42,69545;300;33,50296;75;7,578722;2;17;2,970932
12;Arcade;ArcadeCar-699937;2007;17;17;40,13877;300;35,68626;75;5,166497;3;22;1,656788
13;Arcade;ArcadeCar-699937;2159;17;17;43,18206;300;33,2153;75;5,988503;4;20;2,872247
14;Arcade;ArcadeCar-699937;2032;17;17;40,6348;300;35,85241;75;3,06893;2;22;4,728092
15;Arcade;ArcadeCar-699937;1843;17;17;36,86419;300;39,22575;75;5,157838;1;23;0,02186879
16;Arcade;ArcadeCar-699937;1741;17;17;34,81682;300;40,89563;75;2,743369;0;18;0
17;Arcade;ArcadeCar-699937;2112;17;17;42,23987;300;34,60263;75;6,04789;2;20;3,464851
18;Arcade;ArcadeCar-699937;2111;17;17;42,22039;300;33,65066;75;8,966737;3;21;1,488775
19;Arcade;ArcadeCar-699937;1782;17;17;35,64333;300;40,42992;75;5,543951;0;17;0
20;Arcade;ArcadeCar-699937;2182;17;17;43,64017;300;33,05289;75;6,401253;2;17;3,014307
21;Arcade;ArcadeCar-699937;2420;17;17;48,20575;300;30,22654;75;4,291474;6;17;5,68364
22;Arcade;ArcadeCar-699937;11314;17;17;226,4749;300;6,791088;75;194,0239;2;20;188,9265
23;Arcade;ArcadeCar-699937;2115;17;17;41,81894;300;34,16798;75;5,277045;3;18;3,0195
24;Arcade;ArcadeCar-699937;2266;17;17;45,79548;300;31,68562;75;8,739913;5;20;4,157182
25;Arcade;ArcadeCar-699937;2859;17;17;57,18332;300;25,65425;75;7,278419;5;20;10,74718
26;Arcade;ArcadeCar-699937;3423;17;17;68,46072;300;21,29416;75;9,941603;5;21;25,01866
27;Arcade;ArcadeCar-699937;2242;17;17;44,842;300;32,30762;75;4,588457;5;21;4,373699
28;Arcade;ArcadeCar-699937;1819;17;17;36,3582;300;38,96684;75;3,016465;2;19;0,459222
29;Arcade;ArcadeCar-699937;1887;17;17;37,76031;300;37,40585;75;7,637223;2;20;0,039033
30;Arcade;ArcadeCar-699937;1879;17;17;37,57568;300;37,77151;75;6,930626;1;19;0,4391609
31;Arcade;ArcadeCar-699937;2011;17;17;39,69218;300;35,46704;75;2,860947;1;18;4,969022
32;Arcade;ArcadeCar-699937;2548;17;17;51,49072;300;28,52994;75;15,43884;3;17;9,467771
33;Arcade;ArcadeCar-699937;3005;17;17;60,09747;300;23,87914;75;9,403216;4;21;16,1096
34;Arcade;ArcadeCar-699937;1758;17;17;35,16527;300;41,18309;75;2,869633;1;18;0,0772396
35;Arcade;ArcadeCar-699937;1900;17;17;37,99323;300;37,56738;75;6,511889;2;18;1,289993
36;Arcade;ArcadeCar-699937;1923;17;17;38,45979;300;37,73043;75;4,384062;1;13;0,9294346
37;Arcade;ArcadeCar-699937;2107;17;17;42,14098;300;33,80408;75;11,90168;3;23;0,1985482
38;Arcade;ArcadeCar-699937;925;7;17;300;300;39,30437;75;3,585297;0;24;0
39;Arcade;ArcadeCar-699937;2644;17;17;52,87363;300;27,38164;75;9,882917;4;24;7,497421
40;Arcade;ArcadeCar-699937;2119;17;17;41,78793;300;34,50323;75;7,166297;2;20;1,47736
41;Arcade;ArcadeCar-699937;1868;17;17;37,95355;300;38,31079;75;3,100861;4;15;2,311532
42;Arcade;ArcadeCar-699937;2155;17;17;43,10498;300;33,89025;75;6,344828;3;20;2,139303
43;Arcade;ArcadeCar-699937;2085;17;17;41,69483;300;33,85212;75;8,258694;4;15;0,6877716
44;Arcade;ArcadeCar-699937;1734;17;17;34,67823;300;40,87238;75;3,870185;1;14;0,1166498
45;Arcade;ArcadeCar-699937;2289;17;17;45,78707;300;31,48964;75;5,468148;3;22;6,000672
46;Arcade;ArcadeCar-699937;2135;17;17;42,69365;300;34,1261;75;8,586622;3;21;1,255286
47;Arcade;ArcadeCar-699937;1877;17;17;37,54039;300;38,12127;75;4,41151;2;21;1,256124
48;Arcade;ArcadeCar-699937;1863;17;17;37,26336;300;38,7982;75;4,316172;3;19;0,9751974
49;Arcade;ArcadeCar-699937;1833;17;17;36,65806;300;39,34082;75;5,389597;1;21;0,03950819
50;Arcade;ArcadeCar-699937;7668;17;17;153,3624;300;9,8051;75;2,685786;3;20;116,4128
0;Arcade;ArcadeCar-799962;2275;17;17;45,49598;300;31,67847;75;3,327533;3;19;6,739422
1;Arcade;ArcadeCar-799962;1984;17;17;39,68138;300;36,82962;75;2,487217;3;20;1,202023
2;Arcade;ArcadeCar-799962;2001;17;17;40,02149;300;35,76348;75;5,697918;2;18;4,246958
3;Arcade;ArcadeCar-799962;1787;17;17;35,73954;300;40,63129;75;3,531658;2;20;0,0898176
4;Arcade;ArcadeCar-799962;1737;17;17;34,74308;300;41,51974;75;2,880279;1;14;0,4540505
5;Arcade;ArcadeCar-799962;2218;17;17;44,35833;300;33,02881;75;9,405875;3;18;0,8753147
6;Arcade;ArcadeCar-799962;2019;17;17;40,38141;300;36,68657;75;7,167081;1;20;0,5251101
7;Arcade;ArcadeCar-799962;1993;17;17;39,85899;300;36,10138;75;4,834369;2;20;2,148296
8;Arcade;ArcadeCar-799962;1855;17;17;37,09884;300;38,89655;75;5,55015;1;18;0,9349244
9;Arcade;ArcadeCar-799962;1847;17;17;36,93681;300;39,0458;75;6,159301;1;21;0,8914692
10;Arcade;ArcadeCar-799962;1740;17;17;34,80177;300;41,78181;75;4,421298;0;18;0
11;Arcade;ArcadeCar-799962;2009;17;17;40,06477;300;35,61482;75;9,885153;1;16;0,4385413
12;Arcade;ArcadeCar-799962;14994;13;17;300;300;4,21613;75;266,7492;5;17;263,7596
13;Arcade;ArcadeCar-799962;1766;17;17;35,30857;300;40,68929;75;3,538239;2;19;0,1963986
14;Arcade;ArcadeCar-799962;2243;17;17;44,86917;300;32,78249;75;4,592484;3;18;5,24503
15;Arcade;ArcadeCar-799962;2433;17;17;48,65939;300;30,36539;75;8,71833;4;19;5,526618
16;Arcade;ArcadeCar-799962;2433;17;17;48,65499;300;29,79128;75;8,067499;5;18;6,10319
17;Arcade;ArcadeCar-799962;1984;17;17;39,67986;300;36,70295;75;2,619012;4;20;2,396059
18;Arcade;ArcadeCar-799962;2336;17;17;46,71937;300;30,62668;75;9,201253;4;21;1,878795
19;Arcade;ArcadeCar-799962;1818;17;17;36,36664;300;39,90855;75;3,424106;2;15;1,099918
20;Arcade;ArcadeCar-799962;1880;17;17;37,59468;300;38,62473;75;4,463844;3;22;1,127534
21;Arcade;ArcadeCar-799962;2332;17;17;46,64443;300;30,51177;75;10,09462;3;16;4,185938
22;Arcade;ArcadeCar-799962;2081;17;17;41,61583;300;34,78596;75;2,961277;3;21;4,689889
23;Arcade;ArcadeCar-799962;2268;17;17;45,35908;300;32,00635;75;6,076864;6;21;2,557131
24;Arcade;ArcadeCar-799962;3734;17;17;74,68446;300;19,40862;75;8,759118;3;19;32,04899
25;Arcade;ArcadeCar-799962;8494;17;17;169,8808;300;8,973283;75;4,485724;2;24;132,6255
26;Arcade;ArcadeCar-799962;2001;17;17;39,5949;300;35,86767;75;4,052072;2;20;3,375412
27;Arcade;ArcadeCar-799962;2343;17;17;47,2794;300;30,61911;75;2,984491;5;19;6,583783
28;Arcade;ArcadeCar-799962;1788;17;17;35,2157;300;40,30827;75;4,527976;1;16;0,2815706
29;Arcade;ArcadeCar-799962;7987;17;17;160,2886;300;9,605144;75;93,70611;6;19;118,0194
30;Arcade;ArcadeCar-799962;11246;17;17;224,9157;300;6,912922;75;4,539697;1;20;188,7799
31;Arcade;ArcadeCar-799962;985;7;17;300;300;36,10364;75;4,893103;1;22;0,1185466
32;Arcade;ArcadeCar-799962;2168;17;17;43,36118;300;33,03133;75;7,79274;3;23;2,91654
33;Arcade;ArcadeCar-799962;8384;17;17;167,6762;300;8,934094;75;4,402955;3;16;130,0572
34;Arcade;ArcadeCar-799962;14999;10;17;300;300;3,498282;75;277,368;4;21;274,5786
35;Arcade;ArcadeCar-799962;2204;17;17;44,05934;300;32,08411;75;9,663602;5;20;1,406192
36;Arcade;ArcadeCar-799962;1736;17;17;34,19241;300;40,77484;75;4,741391;2;21;0,01952221
37;Arcade;ArcadeCar-799962;2127;17;17;43,07272;300;35,04477;75;9,348471;2;19;0,3392814
38;Arcade;ArcadeCar-799962;3141;17;17;62,81775;300;23,48036;75;6,388604;8;26;17,70362
39;Arcade;ArcadeCar-799962;2408;17;17;48,15813;300;30,98076;75;4,825728;4;20;7,020791
40;Arcade;ArcadeCar-799962;3786;17;17;75,7217;300;19,15061;75;14,23461;3;24;28,43211
41;Arcade;ArcadeCar-799962;15000;1;17;300;300;0,7421539;75;0,2629192;1;19;297,3255
42;Arcade;ArcadeCar-799962;4088;17;17;81,75119;300;17,48992;75;8,998218;4;18;39,69156
43;Arcade;ArcadeCar-799962;2195;17;17;43,90134;300;33,34041;75;12,02151;2;22;0,5847542
44;Arcade;ArcadeCar-799962;2046;17;17;40,92071;300;35,44127;75;4,493435;3;20;3,034366
45;Arcade;ArcadeCar-799962;13731;17;17;274,6199;300;5,821732;75;239,3359;3;20;229,9414
46;Arcade;ArcadeCar-799962;1886;17;17;37,71925;300;38,54122;75;4,696984;2;18;0,8671182
47;Arcade;ArcadeCar-799962;1841;17;17;36,82174;300;39,1385;75;4,473912;1;23;0,3879896
48;Arcade;ArcadeCar-799962;2390;17;17;47,79863;300;29,22892;75;15,00538;5;22;1,26023
49;Arcade;ArcadeCar-799962;2298;17;17;45,95728;300;31,45626;75;5,653753;6;19;3,934305
50;Arcade;ArcadeCar-799962;1927;17;17;38,54175;300;37,40047;75;5,953464;1;15;1,462348
0;Arcade;ArcadeCar-899995;1884;17;17;37,21704;300;38,62138;75;6,851692;1;20;0,0217124
1;Arcade;ArcadeCar-899995;1894;17;17;38,34764;300;37,89807;75;6,379065;3;19;1,672391
2;Arcade;ArcadeCar-899995;2136;17;17;42,71814;300;34,4045;75;8,344146;1;16;1,958943
3;Arcade;ArcadeCar-899995;1753;17;17;34,97238;300;40,99097;75;2,995673;1;16;1,538481
4;Arcade;ArcadeCar-899995;14995;3;17;300;300;1,435767;75;237,5368;1;16;292,316
5;Arcade;ArcadeCar-899995;2300;17;17;45,97954;300;31,17077;75;9,198317;4;16;6,774023
6;Arcade;ArcadeCar-899995;2218;17;17;44,3642;300;32,05652;75;5,951236;3;19;6,523767
7;Arcade;ArcadeCar-899995;1934;17;17;38,67432;300;37,43193;75;6,231416;3;22;1,120986
8;Arcade;ArcadeCar-899995;2187;17;17;43,7407;300;32,33419;75;6,239413;4;22;3,683787
9;Arcade;ArcadeCar-899995;2024;17;17;40,47897;300;36,18974;75;4,814588;3;20;1,85388
10;Arcade;ArcadeCar-899995;14999;8;17;300;300;3,075828;75;2,037916;3;20;279,7117
11;Arcade;ArcadeCar-899995;1917;17;17;38,31733;300;37,70953;75;3,784461;2;21;1,70435
12;Arcade;ArcadeCar-899995;2097;17;17;41,94552;300;34,57381;75;7,63134;3;22;3,900331
13;Arcade;ArcadeCar-899995;15000;3;17;300;300;1,439059;75;293,9125;1;19;292,8625
14;Arcade;ArcadeCar-899995;1904;17;17;38,07692;300;38,28205;75;4,112951;4;20;0,788997
15;Arcade;ArcadeCar-899995;1870;17;17;37,40011;300;38,19263;75;3,545655;1;19;2,301892
16;Arcade;ArcadeCar-899995;2123;17;17;42,45727;300;34,55224;75;4,905035;3;21;2,367506
17;Arcade;ArcadeCar-899995;2039;17;17;40,78061;300;35,50199;75;6,046052;3;22;3,081389
18;Arcade;ArcadeCar-899995;1783;17;17;35,30235;300;41,14137;75;3,243808;2;16;0,2886704
19;Arcade;ArcadeCar-899995;1725;17;17;34,85458;300;41,48307;75;4,400608;1;22;0,0634314
20;Arcade;ArcadeCar-899995;2294;17;17;45,87939;300;30,49102;75;11,63859;3;18;1,557462
21;Arcade;ArcadeCar-899995;2000;17;17;40,00179;300;36,49862;75;4,094065;4;23;2,493387
22;Arcade;ArcadeCar-899995;12929;17;17;258,5851;300;6,14851;75;9,171738;4;20;218,9639
23;Arcade;ArcadeCar-899995;2419;17;17;48,37497;300;29,12105;75;15,91366;3;18;8,142508
24;Arcade;ArcadeCar-899995;2076;17;17;41,51883;300;34,44315;75;7,112513;4;26;2,206877
25;Arcade;ArcadeCar-899995;2134;17;17;42,596;300;33,55339;75;2,461645;3;22;5,876255
26;Arcade;ArcadeCar-899995;2039;17;17;40,8692;300;34,90944;75;4,936731;2;19;3,923871
27;Arcade;ArcadeCar-899995;1688;17;17;33,76025;300;42,14749;75;4,024209;0;22;0
28;Arcade;ArcadeCar-899995;2471;17;17;49,42063;300;29,30435;75;8,275493;6;20;5,780999
29;Arcade;ArcadeCar-899995;1745;17;17;34,89408;300;41,55077;75;5,613848;1;20;0,0771824
30;Arcade;ArcadeCar-899995;2102;17;17;42,04545;300;34,64606;75;5,21423;4;24;3,075334
31;Arcade;ArcadeCar-899995;1747;17;17;34,93867;300;40,78179;75;4,217913;2;23;0,3011924
32;Arcade;ArcadeCar-899995;2031;17;17;40,61649;300;34,49744;75;9,459774;2;21;1,248727
33;Arcade;ArcadeCar-899995;2277;17;17;45,54536;300;30,2939;75;9,859498;3;20;3,36785
34;Arcade;ArcadeCar-899995;2026;17;17;40,51464;300;35,68087;75;3,832375;3;21;3,515559
35;Arcade;ArcadeCar-899995;2273;17;17;45,45963;300;31,09077;75;11,04769;3;21;2,82393
36;Arcade;ArcadeCar-899995;2342;17;17;46,84291;300;30,63561;75;12,77298;3;17;2,518773
37;Arcade;ArcadeCar-899995;5360;17;17;107,2016;300;13,96318;75;6,832199;3;19;67,94535
38;Arcade;ArcadeCar-899995;1935;17;17;38,69468;300;37,14132;75;3,938601;2;19;2,275328
39;Arcade;ArcadeCar-899995;1958;17;17;39,1604;300;37,17789;75;4,601443;4;20;0,1844856
40;Arcade;ArcadeCar-899995;2129;17;17;42,57944;300;33,39447;75;8,115196;2;16;2,4043
41;Arcade;ArcadeCar-899995;2292;17;17;45,84483;300;31,9325;75;3,569102;4;13;6,944136
42;Arcade;ArcadeCar-899995;1855;17;17;37,09504;300;38,66654;75;3,900214;1;17;1,804617
43;Arcade;ArcadeCar-899995;15000;2;17;300;300;1,296658;75;294,2104;1;17;293,813
44;Arcade;ArcadeCar-899995;1924;17;17;38,47529;300;37,65284;75;3,866225;1;16;2,868762
45;Arcade;ArcadeCar-899995;3485;17;17;69,69582;300;20,93174;75;5,986718;2;23;31,19552
46;Arcade;ArcadeCar-899995;1871;17;17;37,42697;300;38,26723;75;5,130436;3;15;0,5496376
47;Arcade;ArcadeCar-899995;2636;17;17;52,71627;300;27,35761;75;6,456088;3;19;14,20717
48;Arcade;ArcadeCar-899995;2359;17;17;47,18335;300;29,99545;75;13,39169;6;27;1,897801
49;Arcade;ArcadeCar-899995;2668;17;17;53,35746;300;27,0366;75;4,939855;3;19;14,36013
50;Arcade;ArcadeCar-899995;2193;17;17;43,85647;300;33,27433;75;9,472847;4;20;4,0487
0;Arcade;ArcadeCar-999993;2334;17;17;46,68711;300;30,6789;75;10,30253;3;19;9,934157
1;Arcade;ArcadeCar-999993;3666;17;17;73,31719;300;19,84382;75;40,15218;3;20;35,46793
2;Arcade;ArcadeCar-999993;1746;17;17;34,92147;300;41,57115;75;2,193048;1;21;0,8440497
3;Arcade;ArcadeCar-999993;1813;17;17;36,25531;300;39,73417;75;3,630479;2;24;1,45366
4;Arcade;ArcadeCar-999993;2287;17;17;45,74554;300;31,66013;75;4,702505;4;20;6,001112
5;Arcade;ArcadeCar-999993;2496;17;17;49,91581;300;28,97044;75;6,708025;8;22;4,832401
6;Arcade;ArcadeCar-999993;1938;17;17;38,76112;300;36,08247;75;6,545279;4;19;0,6396853
7;Arcade;ArcadeCar-999993;2188;17;17;43,7622;300;33,03359;75;4,878762;3;17;4,509813
8;Arcade;ArcadeCar-999993;1769;17;17;35,37626;300;40,21345;75;3,861462;1;12;0,7549585
9;Arcade;ArcadeCar-999993;2034;17;17;40,67974;300;34,33148;75;7,715942;5;15;1,16676
10;Arcade;ArcadeCar-999993;1819;17;17;36,38179;300;39,44475;75;4,784057;2;14;1,734103
11;Arcade;ArcadeCar-999993;1710;17;17;34,20161;300;42,46288;75;3,936234;0;16;0
12;Arcade;ArcadeCar-999993;6950;17;17;138,9963;300;10,50236;75;5,010787;2;18;103,7014
13;Arcade;ArcadeCar-999993;2140;17;17;42,80059;300;34,01322;75;6,816065;5;24;2,340951
14;Arcade;ArcadeCar-999993;2347;17;17;46,94268;300;30,86779;75;8,497159;7;21;3,791092
15;Arcade;ArcadeCar-999993;1664;17;17;33,2751;300;42,98305;75;2,371029;2;15;0,1013886
16;Arcade;ArcadeCar-999993;1959;17;17;39,18153;300;36,98863;75;6,064406;1;16;1,659673
17;Arcade;ArcadeCar-999993;2181;17;17;43,46162;300;32,22217;75;12,33862;4;21;1,554012
18;Arcade;ArcadeCar-999993;1906;17;17;38,27842;300;37,48936;75;2,502969;4;23;2,186963
19;Arcade;ArcadeCar-999993;1667;17;17;33,34064;300;42,3692;75;3,622952;1;14;0,076919
20;Arcade;ArcadeCar-999993;1733;17;17;34,65822;300;41,7935;75;4,356175;1;14;0,0354934
21;Arcade;ArcadeCar-999993;2013;17;17;40,2623;300;35,25311;75;3,681668;3;24;3,308403
22;Arcade;ArcadeCar-999993;1627;17;17;32,27905;300;43,79448;75;2,664253;0;15;0
23;Arcade;ArcadeCar-999993;2189;17;17;44,0418;300;33,1936;75;6,104905;2;16;5,850602
24;Arcade;ArcadeCar-999993;1914;17;17;38,27995;300;36,72177;75;6,048113;1;19;1,301249
25;Arcade;ArcadeCar-999993;2397;17;17;47,9355;300;30,79868;75;8,54296;4;21;5,79122
26;Arcade;ArcadeCar-999993;1761;17;17;35,02508;300;40,8661;75;4,418372;3;22;0,2218992
27;Arcade;ArcadeCar-999993;2079;17;17;41,77789;300;34,98785;75;7,283935;2;18;2,128908
28;Arcade;ArcadeCar-999993;2740;17;17;54,79805;300;26,07489;75;7,552881;4;17;13,42431
29;Arcade;ArcadeCar-999993;1659;17;17;33,17905;300;43,65387;75;3,639462;1;16;0,0368666
30;Arcade;ArcadeCar-999993;2084;17;17;41,68081;300;34,26801;75;7,893126;1;20;3,094869
31;Arcade;ArcadeCar-999993;1793;17;17;35,47299;300;39,69707;75;3,414429;1;19;0,7639351
32;Arcade;ArcadeCar-999993;2141;17;17;43,20669;300;34,02659;75;4,85717;3;20;2,806887
33;Arcade;ArcadeCar-999993;1818;17;17;36,36503;300;39,59661;75;2,182234;2;18;1,355402
34;Arcade;ArcadeCar-999993;1729;17;17;34,57413;300;41,89595;75;3,98924;1;19;0,0161252
35;Arcade;ArcadeCar-999993;931;7;17;300;300;37,65536;75;2,548158;4;22;0,1306598
36;Arcade;ArcadeCar-999993;1886;17;17;37,72078;300;38,40306;75;3,098134;4;22;0,7631003
37;Arcade;ArcadeCar-999993;2496;17;17;49,92165;300;29,11837;75;6,858374;4;24;8,221045
38;Arcade;ArcadeCar-999993;1896;17;17;37,91873;300;38,35437;75;5,227591;5;20;1,438517
39;Arcade;ArcadeCar-999993;2840;17;17;56,79583;300;25,60195;75;5,966955;6;20;15,61856
40;Arcade;ArcadeCar-999993;2187;17;17;43,74492;300;32,36575;75;7,4112;4;17;3,964292
41;Arcade;ArcadeCar-999993;2705;17;17;54,09866;300;26,25369;75;10,18069;7;22;7,725969
42;Arcade;ArcadeCar-999993;1731;17;17;34,61767;300;41,26195;75;4,315972;0;17;0
43;Arcade;ArcadeCar-999993;2096;17;17;41,91845;300;34,61087;75;2,950733;3;16;4,558309
44;Arcade;ArcadeCar-999993;2027;17;17;39,96931;300;35,50006;75;2,382116;2;16;5,18055
45;Arcade;ArcadeCar-999993;2263;17;17;45,83486;300;31,41875;75;5,532043;5;20;4,610437
46;Arcade;ArcadeCar-999993;7853;17;17;157,058;300;9,56664;75;36,38807;2;20;120,1473
47;Arcade;ArcadeCar-999993;2239;17;17;44,78394;300;31,97618;75;7,973095;6;22;3,341828
48;Arcade;ArcadeCar-999993;3680;17;17;73,59849;300;20,29712;75;6,837865;5;17;31,46727
49;Arcade;ArcadeCar-999993;2053;17;17;40,97286;300;35,38102;75;5,292912;4;23;1,174097
50;Arcade;ArcadeCar-999993;1817;17;17;36,42546;300;39,82844;75;2,583697;3;19;0,4725761
0;Arcade;ArcadeCar-1099958;1818;17;17;36,36267;300;38,63832;75;6,922202;2;21;0,281989
1;Arcade;ArcadeCar-1099958;1967;17;17;39,33556;300;36,37097;75;2,956459;4;18;2,443448
2;Arcade;ArcadeCar-1099958;1785;17;17;35,70088;300;39,54268;75;2,671736;2;18;0,9712716
3;Arcade;ArcadeCar-1099958;1898;17;17;37,63084;300;37,53091;75;5,376622;2;19;1,50974
4;Arcade;ArcadeCar-1099958;2068;17;17;41,69088;300;35,59376;75;5,351005;2;22;1,595856
5;Arcade;ArcadeCar-1099958;1725;17;17;34,50161;300;41,74414;75;4,57981;2;14;0,057927
6;Arcade;ArcadeCar-1099958;1878;17;17;37,55866;300;38,76475;75;3,483964;1;21;1,955932
7;Arcade;ArcadeCar-1099958;15000;13;17;300;300;4,294896;75;3,425233;4;22;268,5125
8;Arcade;ArcadeCar-1099958;2113;17;17;42,25562;300;34,21064;75;5,77502;4;20;3,868181
9;Arcade;ArcadeCar-1099958;1821;17;17;36,04351;300;39,91519;75;3,141349;3;24;0,0619682
10;Arcade;ArcadeCar-1099958;1836;17;17;37,0961;300;38,95556;75;3,146367;1;19;1,615361
11;Arcade;ArcadeCar-1099958;2182;17;17;43,64039;300;33,20868;75;9,545256;4;19;3,800068
12;Arcade;ArcadeCar-1099958;2816;17;17;56,3176;300;25,64232;75;2,31466;4;19;20,00637
13;Arcade;ArcadeCar-1099958;1968;17;17;39,35938;300;36,50085;75;4,172116;3;24;3,232057
14;Arcade;ArcadeCar-1099958;2172;17;17;43,4395;300;33,05331;75;3,614594;3;25;7,058805
15;Arcade;ArcadeCar-1099958;1903;17;17;38,06324;300;38,10468;75;4,06975;4;23;1,362834
16;Arcade;ArcadeCar-1099958;1830;17;17;36,5939;300;38,95664;75;2,702996;3;21;0,3833094
17;Arcade;ArcadeCar-1099958;2324;17;17;46,48555;300;31,05068;75;6,837392;4;18;7,003687
18;Arcade;ArcadeCar-1099958;2082;17;17;41,63809;300;34,09608;75;5,257019;4;23;2,891728
19;Arcade;ArcadeCar-1099958;1913;17;17;38,16362;300;37,08428;75;3,585044;3;24;1,462063
20;Arcade;ArcadeCar-1099958;2305;17;17;46,19432;300;31,67445;75;8,443479;5;22;5,899547
21;Arcade;ArcadeCar-1099958;1742;17;17;34,84298;300;40,81184;75;2,673081;3;21;0,5636268
22;Arcade;ArcadeCar-1099958;12514;17;17;250,2758;300;6,185958;75;5,666506;5;19;211,0694
23;Arcade;ArcadeCar-1099958;1841;17;17;36,82075;300;38,93896;75;4,965034;2;20;1,660188
24;Arcade;ArcadeCar-1099958;2050;17;17;41,00466;300;34,77887;75;7,5348;3;17;2,702522
25;Arcade;ArcadeCar-1099958;2184;17;17;43,67546;300;33,62033;75;8,056226;4;19;2,461863
26;Arcade;ArcadeCar-1099958;1619;17;17;32,38481;300;44,30707;75;2,851548;1;21;0,039089
27;Arcade;ArcadeCar-1099958;1892;17;17;37,84112;300;37,32078;75;4,987682;3;22;1,272836
28;Arcade;ArcadeCar-1099958;2291;17;17;45,66455;300;31,43872;75;10,30708;4;15;4,311577
29;Arcade;ArcadeCar-1099958;14992;12;17;300;300;4,211803;75;4,359804;3;14;269,328
30;Arcade;ArcadeCar-1099958;2278;17;17;45,55526;300;31,25038;75;4,464247;5;22;5,132234
31;Arcade;ArcadeCar-1099958;1698;17;17;33,95848;300;41,8959;75;2,102175;2;15;0,0915508
32;Arcade;ArcadeCar-1099958;2018;17;17;40,35909;300;36,00873;75;5,135834;2;21;3,250073
33;Arcade;ArcadeCar-1099958;2300;17;17;46,00053;300;31,7678;75;6,687644;5;22;4,285203
34;Arcade;ArcadeCar-1099958;15000;2;17;300;300;1,297314;75;37,64277;1;20;293,3482
35;Arcade;ArcadeCar-1099958;1732;17;17;34,63328;300;41,21785;75;4,404676;2;17;0,618838
36;Arcade;ArcadeCar-1099958;1995;17;17;39,89962;300;35,79016;75;4,055717;4;21;1,63432
37;Arcade;ArcadeCar-1099958;2009;17;17;40,18242;300;36,05941;75;7,90019;3;21;1,600002
38;Arcade;ArcadeCar-1099958;2182;17;17;43,63631;300;32,51759;75;6,596449;2;21;5,89614
39;Arcade;ArcadeCar-1099958;1625;17;17;32,50566;300;43,92407;75;2,941065;0;16;0
40;Arcade;ArcadeCar-1099958;1842;17;17;36,83669;300;38,94896;75;3,398525;2;19;2,379771
41;Arcade;ArcadeCar-1099958;1699;17;17;33,97716;300;42,06528;75;4,395595;0;23;0
42;Arcade;ArcadeCar-1099958;3067;17;17;61,34583;300;23,9545;75;24,21431;2;18;22,58303
43;Arcade;ArcadeCar-1099958;1923;17;17;38,45406;300;37,60623;75;4,841873;2;19;0,7919104
44;Arcade;ArcadeCar-1099958;12684;17;17;253,6852;300;6,195665;75;3,843201;1;20;217,7777
45;Arcade;ArcadeCar-1099958;15000;10;17;300;300;3,340087;75;2,507952;3;20;277,1007
46;Arcade;ArcadeCar-1099958;2017;17;17;40,32658;300;35,86709;75;6,357419;3;15;1,954539
47;Arcade;ArcadeCar-1099958;2255;17;17;45,10083;300;31,62088;75;8,501684;5;23;4,053645
48;Arcade;ArcadeCar-1099958;2089;17;17;41,78026;300;34,69202;75;4,854291;4;23;2,830984
49;Arcade;ArcadeCar-1099958;1901;17;17;38,01971;300;37,43459;75;4,039771;2;20;0,4861832
50;Arcade;ArcadeCar-1099958;2800;17;17;56,00331;300;26,41298;75;18,4733;4;18;16,00889
0;Arcade;ArcadeCar-1199896;8094;17;17;161,8775;300;9,169825;75;6,543961;4;19;121,6707
1;Arcade;ArcadeCar-1199896;2028;17;17;40,55912;300;34,32186;75;6,423832;4;21;1,632309
2;Arcade;ArcadeCar-1199896;2161;17;17;43,14568;300;33,31386;75;6,987656;6;25;3,180593
3;Arcade;ArcadeCar-1199896;1908;17;17;38,23467;300;37,65934;75;5,814469;3;16;0,2570154
4;Arcade;ArcadeCar-1199896;1946;17;17;38,9224;300;37,31527;75;4,685606;4;21;1,453455
5;Arcade;ArcadeCar-1199896;1757;17;17;35,14209;300;40,89496;75;4,261997;1;18;0,9997727
6;Arcade;ArcadeCar-1199896;2100;17;17;41,99668;300;33,32446;75;6,968835;4;23;2,66492
7;Arcade;ArcadeCar-1199896;1870;17;17;37,39862;300;38,20802;75;3,991587;4;22;1,35272
8;Arcade;ArcadeCar-1199896;1762;17;17;35,24298;300;40,96991;75;2,182178;4;20;0,9619099
9;Arcade;ArcadeCar-1199896;1994;17;17;39,88041;300;36,27694;75;9,01799;2;16;1,597709
10;Arcade;ArcadeCar-1199896;1738;17;17;34,75741;300;41,47379;75;4,253607;2;20;0,6916519
11;Arcade;ArcadeCar-1199896;1942;17;17;38,83862;300;37,91956;75;6,158962;1;22;0,8382725
12;Arcade;ArcadeCar-1199896;1995;17;17;39,90223;300;35,85146;75;5,216333;1;24;2,990634
13;Arcade;ArcadeCar-1199896;2238;17;17;44,76271;300;32,15934;75;4,909247;6;20;3,780766
14;Arcade;ArcadeCar-1199896;1881;17;17;37,61493;300;38,47521;75;3,865865;2;15;1,737339
15;Arcade;ArcadeCar-1199896;8261;17;17;165,2222;300;9,104075;75;3,02237;4;23;128,2309
16;Arcade;ArcadeCar-1199896;1935;17;17;38,69796;300;37,8015;75;6,136766;3;19;1,750697
17;Arcade;ArcadeCar-1199896;2065;17;17;41,14299;300;34,59939;75;4,74951;4;20;2,978596
18;Arcade;ArcadeCar-1199896;2457;17;17;49,29519;300;29,23851;75;10,16453;5;19;4,442032
19;Arcade;ArcadeCar-1199896;6256;17;17;125,123;300;11,54535;75;14,41453;4;20;81,19348
20;Arcade;ArcadeCar-1199896;2149;17;17;42,97931;300;34,01306;75;8,86738;3;19;1,058015
21;Arcade;ArcadeCar-1199896;3957;17;17;79,14114;300;18,05925;75;10,2634;6;20;34,25669
22;Arcade;ArcadeCar-1199896;1972;17;17;39,43719;300;36,66827;75;4,972051;5;23;1,198284
23;Arcade;ArcadeCar-1199896;1805;17;17;36,10395;300;39,62834;75;4,474018;4;19;1,1202
24;Arcade;ArcadeCar-1199896;2059;17;17;41,17813;300;34,71408;75;5,789717;3;21;2,275377
25;Arcade;ArcadeCar-1199896;1871;17;17;37,42221;300;38,00291;75;5,561944;3;18;1,411918
26;Arcade;ArcadeCar-1199896;11790;17;17;235,794;300;6,49333;75;201,2175;3;21;197,9951
27;Arcade;ArcadeCar-1199896;2098;17;17;41,96605;300;34,36957;75;5,396281;4;18;3,306803
28;Arcade;ArcadeCar-1199896;2514;17;17;50,27826;300;28,89667;75;18,10421;1;19;15,71543
29;Arcade;ArcadeCar-1199896;15000;6;17;300;300;2,417626;75;2,056627;1;18;285,462
30;Arcade;ArcadeCar-1199896;2246;17;17;44,91022;300;32,06679;75;4,57913;4;17;4,557487
31;Arcade;ArcadeCar-1199896;1932;17;17;38,64519;300;37,70091;75;6,048219;2;15;0,6530553
32;Arcade;ArcadeCar-1199896;1693;17;17;33,85809;300;41,78277;75;5,114434;1;20;0
33;Arcade;ArcadeCar-1199896;1730;17;17;34,59728;300;41,60152;75;4,816674;0;15;0
34;Arcade;ArcadeCar-1199896;1672;17;17;32,89885;300;42,86;75;4,226892;0;14;0
35;Arcade;ArcadeCar-1199896;2099;17;17;42,52321;300;34,02949;75;5,148248;5;21;2,536278
36;Arcade;ArcadeCar-1199896;1827;17;17;36,5406;300;39,44896;75;3,34932;3;19;0,9022323
37;Arcade;ArcadeCar-1199896;1710;17;17;34,20108;300;42,40301;75;4,397366;1;17;0,05494199
38;Arcade;ArcadeCar-1199896;2119;17;17;41,81335;300;34,64134;75;5,141402;4;19;2,920055
39;Arcade;ArcadeCar-1199896;1932;17;17;39,20511;300;37,96523;75;7,689171;1;20;1,26154
40;Arcade;ArcadeCar-1199896;13773;17;17;275,459;300;5,60638;75;4,692977;2;20;240,3201
41;Arcade;ArcadeCar-1199896;1820;17;17;36,39895;300;39,99276;75;4,284167;3;18;0,1097566
42;Arcade;ArcadeCar-1199896;2085;17;17;41,70521;300;34,08282;75;5,847163;1;22;4,958477
43;Arcade;ArcadeCar-1199896;1967;17;17;39,33836;300;36,23154;75;5,863232;4;21;0,4668567
44;Arcade;ArcadeCar-1199896;2354;17;17;47,07804;300;30,40297;75;4,20167;3;18;11,07427
45;Arcade;ArcadeCar-1199896;2637;17;17;52,73547;300;27,60468;75;10,47639;5;20;11,35737
46;Arcade;ArcadeCar-1199896;2156;17;17;43,12514;300;33,37907;75;3,314472;4;21;7,361049
47;Arcade;ArcadeCar-1199896;15000;1;17;300;300;0,7364845;75;0,2549374;1;19;297,3013
48;Arcade;ArcadeCar-1199896;1851;17;17;36,74023;300;38,66151;75;3,945534;2;19;2,100501
49;Arcade;ArcadeCar-1199896;2071;17;17;41,6944;300;34,16415;75;3,224243;4;18;3,775361
50;Arcade;ArcadeCar-1199896;2096;17;17;41,9167;300;35,25377;75;8,936133;3;23;0,9838825
0;Arcade;ArcadeCar-1299927;3238;17;17;64,76383;300;22,30785;75;6,895626;5;19;25,97511
1;Arcade;ArcadeCar-1299927;2424;17;17;48,47596;300;29,2243;75;9,819409;3;22;7,072926
2;Arcade;ArcadeCar-1299927;1770;17;17;35,40318;300;40,35522;75;5,313975;1;20;1,440851
3;Arcade;ArcadeCar-1299927;2079;17;17;41,57659;300;34,81578;75;4,860864;4;20;2,94216
4;Arcade;ArcadeCar-1299927;1804;17;17;35,47104;300;39,10777;75;4,135072;3;20;0,8578368
5;Arcade;ArcadeCar-1299927;2360;17;17;47,81002;300;30,80422;75;14,17407;6;23;1,367145
6;Arcade;ArcadeCar-1299927;2125;17;17;42,50554;300;33,99684;75;4,722677;5;22;3,792478
7;Arcade;ArcadeCar-1299927;2420;17;17;48,39813;300;29,32653;75;14,98688;5;22;2,933503
8;Arcade;ArcadeCar-1299927;1704;17;17;34,08194;300;41,71814;75;4,422451;1;19;0,2040958
9;Arcade;ArcadeCar-1299927;15000;2;17;300;300;1,292482;75;2,178748;2;16;291,5325
10;Arcade;ArcadeCar-1299927;1853;17;17;37,05175;300;38,1041;75;4,335549;2;17;2,488905
11;Arcade;ArcadeCar-1299927;1795;17;17;35,90412;300;39,99335;75;3,747097;4;22;1,394683
12;Arcade;ArcadeCar-1299927;1825;17;17;36,45508;300;39,74823;75;4,729096;1;20;0,7815158
13;Arcade;ArcadeCar-1299927;2081;17;17;41,66154;300;34,59411;75;6,003241;3;20;2,71085
14;Arcade;ArcadeCar-1299927;1956;17;17;39,12172;300;37,08705;75;7,811338;1;14;0,9432666
15;Arcade;ArcadeCar-1299927;2240;17;17;44,79501;300;32,30375;75;5,316216;7;21;3,818991
16;Arcade;ArcadeCar-1299927;1801;17;17;36,02565;300;39,37418;75;5,662299;3;23;1,108091
17;Arcade;ArcadeCar-1299927;1898;17;17;37,95909;300;38,0317;75;3,605068;3;18;2,470407
18;Arcade;ArcadeCar-1299927;2330;17;17;46,59549;300;30,8086;75;5,580775;5;19;5,876952
19;Arcade;ArcadeCar-1299927;1868;17;17;37,36587;300;37,49693;75;5,192679;2;20;2,075969
20;Arcade;ArcadeCar-1299927;1761;17;17;35,21652;300;41,36662;75;5,500927;1;21;0,0361844
21;Arcade;ArcadeCar-1299927;1954;17;17;39,07874;300;36,13799;75;5,639065;3;16;2,845234
22;Arcade;ArcadeCar-1299927;2138;17;17;42,76364;300;33,7725;75;3,237565;3;20;5,975216
23;Arcade;ArcadeCar-1299927;2066;17;17;41,32148;300;34,73411;75;5,130329;3;20;4,445232
24;Arcade;ArcadeCar-1299927;1794;17;17;35,87885;300;39,54245;75;4,618329;3;24;0,141147
25;Arcade;ArcadeCar-1299927;2120;17;17;42,40018;300;33,33889;75;4,064136;5;19;4,599398
26;Arcade;ArcadeCar-1299927;1638;17;17;32,75596;300;43,10747;75;3,480579;1;21;0,123575
27;Arcade;ArcadeCar-1299927;1739;17;17;34,77932;300;41,46909;75;4,614311;1;18;0,036079
28;Arcade;ArcadeCar-1299927;1860;17;17;37,1993;300;38,57879;75;5,662395;1;21;0,9969527
29;Arcade;ArcadeCar-1299927;1839;17;17;36,7846;300;39,3494;75;5,707583;2;17;0,4015068
30;Arcade;ArcadeCar-1299927;1934;17;17;38,68097;300;37,26363;75;4,175711;4;16;2,393283
31;Arcade;ArcadeCar-1299927;1978;17;17;39,55964;300;35,94624;75;5,390951;4;20;1,872155
32;Arcade;ArcadeCar-1299927;2014;17;17;39,86942;300;36,99528;75;7,604454;4;20;0,6961527
33;Arcade;ArcadeCar-1299927;1853;17;17;37,47102;300;39,66026;75;5,033902;1;19;1,158348
34;Arcade;ArcadeCar-1299927;1981;17;17;39,61784;300;36,53082;75;3,430281;4;21;2,566294
35;Arcade;ArcadeCar-1299927;1980;17;17;39,60011;300;36,89009;75;7,094477;2;21;3,256556
36;Arcade;ArcadeCar-1299927;1828;17;17;36,56014;300;39,48154;75;5,094251;3;18;0,1391712
37;Arcade;ArcadeCar-1299927;2302;17;17;46,03532;300;31,35679;75;11,60884;5;25;1,695654
38;Arcade;ArcadeCar-1299927;2219;17;17;44,38059;300;32,95143;75;6,363719;5;17;2,718328
39;Arcade;ArcadeCar-1299927;2291;17;17;45,82491;300;31,47037;75;11,17449;2;23;2,443667
40;Arcade;ArcadeCar-1299927;3460;17;17;69,19656;300;20,81649;75;3,611583;3;19;33,74403
41;Arcade;ArcadeCar-1299927;1718;17;17;34,35761;300;41,61611;75;3,959447;3;20;0,09881221
42;Arcade;ArcadeCar-1299927;1890;17;17;37,8058;300;37,70909;75;2,447893;3;19;2,719373
43;Arcade;ArcadeCar-1299927;15000;8;17;300;300;2,91335;75;2,139928;2;19;280,1326
44;Arcade;ArcadeCar-1299927;2160;17;17;43,19292;300;32,57834;75;10,44029;2;19;3,419824
45;Arcade;ArcadeCar-1299927;2135;17;17;42,69659;300;33,66595;75;5,754015;4;18;3,99901
46;Arcade;ArcadeCar-1299927;2508;17;17;50,16128;300;27,8947;75;9,792471;5;17;8,160181
47;Arcade;ArcadeCar-1299927;1710;17;17;34,20164;300;42,39149;75;3,159709;2;21;0,1811526
48;Arcade;ArcadeCar-1299927;1980;17;17;39,60223;300;36,71584;75;5,002237;2;18;2,517536
49;Arcade;ArcadeCar-1299927;11739;17;17;234,7794;300;6,649924;75;3,306556;3;22;198,4869
50;Arcade;ArcadeCar-1299927;1878;17;17;37,56004;300;38,39326;75;4,731679;4;19;1,180471
0;Arcade;ArcadeCar-1399889;1811;17;17;36,21963;300;39,40311;75;5,525223;2;18;2,478664
1;Arcade;ArcadeCar-1399889;15030;12;17;300;300;4,270961;75;5,961055;3;22;271,0884
2;Arcade;ArcadeCar-1399889;1801;17;17;36,01239;300;39,61806;75;3,827688;2;15;1,516206
3;Arcade;ArcadeCar-1399889;1762;17;17;35,24218;300;40,04203;75;4,71387;2;20;0,1651972
4;Arcade;ArcadeCar-1399889;1870;17;17;37,39527;300;37,70544;75;5,674105;2;22;0,9218247
5;Arcade;ArcadeCar-1399889;2063;17;17;41,25878;300;34,33981;75;7,761569;5;18;4,264512
6;Arcade;ArcadeCar-1399889;1853;17;17;37,05902;300;38,65808;75;7,624828;1;22;2,840165
7;Arcade;ArcadeCar-1399889;2075;17;17;41,50412;300;34,95153;75;6,780767;3;17;2,368397
8;Arcade;ArcadeCar-1399889;1865;17;17;37,30048;300;38,91505;75;3,753037;4;21;0,8386495
9;Arcade;ArcadeCar-1399889;1938;17;17;38,76062;300;37,29251;75;8,462624;1;18;0,810767
10;Arcade;ArcadeCar-1399889;2261;17;17;45,21761;300;31,51342;75;8,387319;5;19;3,481179
11;Arcade;ArcadeCar-1399889;2033;17;17;40,66063;300;35,37481;75;5,448127;4;21;3,373919
12;Arcade;ArcadeCar-1399889;2043;17;17;40,8605;300;34,80808;75;3,953572;6;21;2,976501
13;Arcade;ArcadeCar-1399889;2185;17;17;43,69647;300;32,12492;75;14,28354;2;19;0,6992857
14;Arcade;ArcadeCar-1399889;1960;17;17;39,2057;300;37,06569;75;5,334865;4;19;1,703863
15;Arcade;ArcadeCar-1399889;1591;17;17;31,81613;300;44,66794;75;3,772889;0;20;0
16;Arcade;ArcadeCar-1399889;1915;17;17;38,29679;300;37,41875;75;3,163985;4;17;1,368707
17;Arcade;ArcadeCar-1399889;1948;17;17;38,96551;300;36,4687;75;3,60721;4;18;3,245506
18;Arcade;ArcadeCar-1399889;1645;17;17;32,89637;300;44,14341;75;3,662948;1;18;0,0166852
19;Arcade;ArcadeCar-1399889;1702;17;17;34,04273;300;42,58359;75;5,742574;0;13;0
20;Arcade;ArcadeCar-1399889;1908;17;17;38,16193;300;38,07556;75;4,719611;2;21;2,543722
21;Arcade;ArcadeCar-1399889;2017;17;17;40,33616;300;35,98906;75;4,537082;3;22;2,228805
22;Arcade;ArcadeCar-1399889;1778;17;17;35,56209;300;41,09212;75;4,872207;2;14;0,2010848
23;Arcade;ArcadeCar-1399889;1992;17;17;39,29651;300;34,93288;75;6,941235;3;17;2,095794
24;Arcade;ArcadeCar-1399889;2485;17;17;50,24052;300;29,37082;75;10,54736;7;22;4,439127
25;Arcade;ArcadeCar-1399889;1993;17;17;39,24416;300;35,8578;75;5,175253;4;19;1,536116
26;Arcade;ArcadeCar-1399889;1754;17;17;35,6971;300;40,32748;75;4,305708;2;20;0,5081251
27;Arcade;ArcadeCar-1399889;1883;17;17;37,66323;300;38,27728;75;6,460501;3;17;1,595674
28;Arcade;ArcadeCar-1399889;2227;17;17;44,53647;300;33,3922;75;10,35589;4;16;2,932166
29;Arcade;ArcadeCar-1399889;1676;17;17;33,52125;300;42,89762;75;5,020818;1;20;0,0833718
30;Arcade;ArcadeCar-1399889;2761;17;17;55,21764;300;25,7949;75;12,07164;5;22;11,19351
31;Arcade;ArcadeCar-1399889;1904;17;17;38,08516;300;37,74745;75;5,594511;5;21;1,024668
32;Arcade;ArcadeCar-1399889;2361;17;17;47,21313;300;30,24149;75;5,912903;6;21;3,721982
33;Arcade;ArcadeCar-1399889;1922;17;17;38,44688;300;38,06987;75;6,271267;2;20;0,1201848
34;Arcade;ArcadeCar-1399889;4037;17;17;80,73673;300;18,11868;75;3,401143;5;21;43,08467
35;Arcade;ArcadeCar-1399889;15000;12;17;300;300;4,094001;75;3,144993;2;24;273,8212
36;Arcade;ArcadeCar-1399889;2042;17;17;40,83368;300;34,56837;75;9,842621;4;14;2,19907
37;Arcade;ArcadeCar-1399889;2100;17;17;41,97779;300;34,32822;75;6,961946;5;22;3,319097
38;Arcade;ArcadeCar-1399889;1868;17;17;37,37762;300;38,86295;75;3,671123;3;20;1,044458
39;Arcade;ArcadeCar-1399889;1700;17;17;34,00591;300;41,97721;75;4,348385;1;22;0,781996
40;Arcade;ArcadeCar-1399889;1733;17;17;34,65951;300;41,31543;75;5,906913;0;15;0
41;Arcade;ArcadeCar-1399889;1860;17;17;37,19464;300;38,23193;75;4,26238;2;14;1,715338
42;Arcade;ArcadeCar-1399889;1913;17;17;38,26242;300;38,10371;75;4,880766;3;18;0,445735
43;Arcade;ArcadeCar-1399889;2280;17;17;45,40857;300;31,39545;75;11,24239;4;20;3,86372
44;Arcade;ArcadeCar-1399889;1864;17;17;37,47084;300;38,6643;75;5,567976;1;21;1,297593
45;Arcade;ArcadeCar-1399889;1965;17;17;39,29794;300;37,25018;75;4,462636;2;18;2,624979
46;Arcade;ArcadeCar-1399889;1872;17;17;37,44371;300;37,33743;75;6,439904;3;19;0,9677051
47;Arcade;ArcadeCar-1399889;4152;17;17;83,03997;300;17,74676;75;3,894684;1;16;48,85999
48;Arcade;ArcadeCar-1399889;1811;17;17;36,2193;300;40,03399;75;4,677091;2;21;0,5497488
49;Arcade;ArcadeCar-1399889;1775;17;17;35,50167;300;40,90049;75;5,790188;2;17;0,2593016
50;Arcade;ArcadeCar-1399889;1807;17;17;36,1363;300;39,85163;75;3,908558;3;20;1,404023
0;Arcade;ArcadeCar-1499979;1854;17;17;37,08516;300;38,8951;75;5,459212;4;20;0,3680539
1;Arcade;ArcadeCar-1499979;1648;17;17;32,95897;300;43,15516;75;3,556115;0;17;0
2;Arcade;ArcadeCar-1499979;2020;17;17;40,39725;300;35,8801;75;6,510662;2;16;1,822871
3;Arcade;ArcadeCar-1499979;14999;10;17;300;300;3,485171;75;125,0551;1;15;276,3581
4;Arcade;ArcadeCar-1499979;2010;17;17;40,17551;300;36,00313;75;4,32274;2;19;4,893345
5;Arcade;ArcadeCar-1499979;2032;17;17;40,09632;300;36,07136;75;4,892372;2;18;3,260822
6;Arcade;ArcadeCar-1499979;2282;17;17;46,18217;300;31,91694;75;6,43391;7;22;5,189497
7;Arcade;ArcadeCar-1499979;1897;17;17;37,93905;300;37,29013;75;4,357813;2;21;1,194525
8;Arcade;ArcadeCar-1499979;1788;17;17;35,76162;300;40,14807;75;4,050077;3;21;0,8502824
9;Arcade;ArcadeCar-1499979;2103;17;17;42,06245;300;34,71187;75;7,148153;2;25;2,576486
10;Arcade;ArcadeCar-1499979;1780;17;17;35,59831;300;40,32517;75;6,16774;1;18;1,582176
11;Arcade;ArcadeCar-1499979;6322;17;17;126,4438;300;11,63067;75;93,33842;4;20;88,8882
12;Arcade;ArcadeCar-1499979;1843;17;17;36,85365;300;38,85891;75;6,070861;2;23;0,7808361
13;Arcade;ArcadeCar-1499979;1956;17;17;39,12437;300;36,6165;75;6,159838;3;18;2,620827
14;Arcade;ArcadeCar-1499979;1952;17;17;39,03727;300;37,19256;75;8,186748;3;24;1,687108
15;Arcade;ArcadeCar-1499979;1647;17;17;32,94088;300;43,50483;75;4,686364;1;19;0,1194704
16;Arcade;ArcadeCar-1499979;1949;17;17;38,97876;300;37,09448;75;4,187335;2;19;2,717081
17;Arcade;ArcadeCar-1499979;1921;17;17;38,41968;300;37,43588;75;5,522775;5;19;0,2454028
18;Arcade;ArcadeCar-1499979;2131;17;17;42,6242;300;34,31743;75;7,582027;3;19;3,051945
19;Arcade;ArcadeCar-1499979;1754;17;17;35,07658;300;41,18786;75;6,306982;0;20;0
20;Arcade;ArcadeCar-1499979;1752;17;17;35,04222;300;41,68149;75;5,600664;1;17;0,080029
21;Arcade;ArcadeCar-1499979;2319;17;17;46,38073;300;31,45909;75;7,953001;4;20;6,506141
22;Arcade;ArcadeCar-1499979;2181;17;17;43,62027;300;32,93624;75;4,461663;5;22;4,693969
23;Arcade;ArcadeCar-1499979;1804;17;17;36,07541;300;39,41982;75;3,102071;3;21;1,024448
24;Arcade;ArcadeCar-1499979;2133;17;17;42,66615;300;33,01906;75;9,434641;4;19;1,85571
25;Arcade;ArcadeCar-1499979;1773;17;17;35,45369;300;40,80836;75;3,512713;2;18;1,4378
26;Arcade;ArcadeCar-1499979;1950;17;17;39,0033;300;38,15602;75;7,726867;2;15;0,2617426
27;Arcade;ArcadeCar-1499979;1985;17;17;39,69818;300;35,00568;75;5,625378;4;18;2,443469
28;Arcade;ArcadeCar-1499979;2104;17;17;42,08189;300;34,47423;75;6,425496;4;20;2,754852
29;Arcade;ArcadeCar-1499979;2295;17;17;45,89913;300;32,11747;75;11,12413;3;17;1,456836
30;Arcade;ArcadeCar-1499979;1991;17;17;39,8232;300;37,15854;75;7,395963;2;23;1,417505
31;Arcade;ArcadeCar-1499979;11735;17;17;234,6909;300;6,657802;75;201,7945;3;24;192,0726
32;Arcade;ArcadeCar-1499979;2208;17;17;44,16538;300;32,54084;75;9,575522;5;20;2,742234
33;Arcade;ArcadeCar-1499979;1778;17;17;35,55919;300;40,01281;75;3,268151;2;22;1,061899
34;Arcade;ArcadeCar-1499979;1659;17;17;33,0799;300;42,86305;75;4,137005;0;16;0
35;Arcade;ArcadeCar-1499979;1670;17;17;33,50426;300;43,07348;75;4,739863;0;15;0
36;Arcade;ArcadeCar-1499979;2089;17;17;41,77933;300;34,06501;75;6,560971;3;17;3,524648
37;Arcade;ArcadeCar-1499979;1979;17;17;39,57824;300;36,3714;75;5,960281;3;20;1,161188
38;Arcade;ArcadeCar-1499979;2105;17;17;42,10217;300;33,53582;75;7,533978;3;21;2,837888
39;Arcade;ArcadeCar-1499979;2002;17;17;40,03919;300;36,17024;75;5,618728;3;20;3,802127
40;Arcade;ArcadeCar-1499979;1797;17;17;35,93682;300;40,19014;75;3,80652;4;26;0,4181636
41;Arcade;ArcadeCar-1499979;2022;17;17;40,33128;300;35,47752;75;5,862111;4;20;1,793279
42;Arcade;ArcadeCar-1499979;2150;17;17;43,11312;300;33,75576;75;5,499748;4;21;4,201655
43;Arcade;ArcadeCar-1499979;3428;17;17;68,56203;300;21,32346;75;3,501105;2;19;33,68706
44;Arcade;ArcadeCar-1499979;1769;17;17;35,37312;300;40,73124;75;4,775122;5;18;0,4901864
45;Arcade;ArcadeCar-1499979;1892;17;17;37,81788;300;37,35313;75;6,45441;2;19;1,724815
46;Arcade;ArcadeCar-1499979;1760;17;17;34,72075;300;41,6228;75;5,531671;1;21;0,05980121
47;Arcade;ArcadeCar-1499979;1770;17;17;35,9014;300;41,17427;75;6,006411;0;19;0
48;Arcade;ArcadeCar-1499979;2360;17;17;47,19997;300;30,64784;75;17,66866;2;23;0,5748507
49;Arcade;ArcadeCar-1499979;2129;17;17;42,58573;300;34,12417;75;12,33173;3;22;0,8480716
50;Arcade;ArcadeCar-1499979;1855;17;17;37,09734;300;39,18106;75;5,172989;1;19;0,6571048
0;Arcade;ArcadeCar-1599909;1766;17;17;35,3129;300;40,37999;75;4,539654;2;20;0,4221142
1;Arcade;ArcadeCar-1599909;2204;17;17;44,08536;300;33,64117;75;9,611495;4;20;1,513564
2;Arcade;ArcadeCar-1599909;1747;17;17;34,94302;300;41,40815;75;4,027317;1;18;0,2168258
3;Arcade;ArcadeCar-1599909;1724;17;17;34,47909;300;41,60094;75;4,467555;3;21;0,2192
4;Arcade;ArcadeCar-1599909;1714;17;17;34,27748;300;42,26521;75;5,782098;2;15;0,3216046
5;Arcade;ArcadeCar-1599909;1950;17;17;39,00456;300;36,80492;75;3,70663;4;18;1,725811
6;Arcade;ArcadeCar-1599909;1938;17;17;38,76062;300;37,89352;75;5,199731;4;18;1,866222
7;Arcade;ArcadeCar-1599909;15000;12;17;300;300;4,209943;75;2,21493;3;20;273,9999
8;Arcade;ArcadeCar-1599909;1821;17;17;36,4072;300;39,2657;75;4,464014;2;18;1,073942
9;Arcade;ArcadeCar-1599909;1966;17;17;39,31913;300;36,32553;75;6,286595;3;24;1,579643
10;Arcade;ArcadeCar-1599909;1869;17;17;37,38615;300;38,2895;75;3,528141;1;21;3,164028
11;Arcade;ArcadeCar-1599909;1756;17;17;35,12019;300;41,14514;75;4,699596;2;19;0,6558797
12;Arcade;ArcadeCar-1599909;2132;17;17;42,64027;300;33,49965;75;7,851219;5;21;2,65041
13;Arcade;ArcadeCar-1599909;1759;17;17;35,1745;300;40,67239;75;2,446198;3;18;0,6396627
14;Arcade;ArcadeCar-1599909;2001;17;17;40,02574;300;35,43767;75;6,909231;3;24;1,725015
15;Arcade;ArcadeCar-1599909;2043;17;17;40,86008;300;35,96157;75;7,095323;3;17;2,191123
16;Arcade;ArcadeCar-1599909;2810;17;17;55,78704;300;25,30332;75;12,49729;7;20;9,884665
17;Arcade;ArcadeCar-1599909;2358;17;17;47,38021;300;30,40448;75;12,77818;3;18;1,513076
18;Arcade;ArcadeCar-1599909;1881;17;17;37,81131;300;38,55664;75;5,717607;4;21;0,7879217
19;Arcade;ArcadeCar-1599909;1727;17;17;34,53564;300;41,52249;75;4,826382;1;17;0,0157372
20;Arcade;ArcadeCar-1599909;2140;17;17;42,80538;300;32,7163;75;10,04297;3;16;2,631304
21;Arcade;ArcadeCar-1599909;2056;17;17;40,68277;300;35,49247;75;4,080894;4;20;2,375796
22;Arcade;ArcadeCar-1599909;1840;17;17;37,23453;300;39,86584;75;4,394359;2;24;0,61628
23;Arcade;ArcadeCar-1599909;1792;17;17;35,84164;300;40,71197;75;6,568713;2;19;0,104776
24;Arcade;ArcadeCar-1599909;1939;17;17;38,7746;300;37,47971;75;7,078691;3;21;3,150972
25;Arcade;ArcadeCar-1599909;2168;17;17;43,36644;300;32,74922;75;8,45704;4;18;2,475548
26;Arcade;ArcadeCar-1599909;2122;17;17;42,43892;300;33,92826;75;8,426069;5;19;2,511675
27;Arcade;ArcadeCar-1599909;1797;17;17;35,93511;300;39,73386;75;4,975097;1;22;1,630614
28;Arcade;ArcadeCar-1599909;1939;17;17;38,78141;300;37,21673;75;4,175575;3;20;1,015974
29;Arcade;ArcadeCar-1599909;1949;17;17;38,9777;300;37,30274;75;6,281303;3;21;1,376827
30;Arcade;ArcadeCar-1599909;1854;17;17;37,08618;300;39,55103;75;4,979689;1;20;0,9785667
31;Arcade;ArcadeCar-1599909;1954;17;17;39,07759;300;36,98953;75;3,377237;4;21;2,509776
32;Arcade;ArcadeCar-1599909;1850;17;17;37,00253;300;38,59857;75;5,334044;3;19;0,6781054
33;Arcade;ArcadeCar-1599909;2109;17;17;42,17642;300;33,80919;75;10,84897;2;16;1,891315
34;Arcade;ArcadeCar-1599909;1910;17;17;38,2036;300;37,80904;75;7,042288;3;22;0,9583219
35;Arcade;ArcadeCar-1599909;1725;17;17;34,49786;300;42,69879;75;4,576142;3;19;0,1598538
36;Arcade;ArcadeCar-1599909;2071;17;17;41,41711;300;34,93639;75;7,551602;3;19;4,678162
37;Arcade;ArcadeCar-1599909;2144;17;17;42,8834;300;33,95135;75;10,16411;5;18;0,9697873
38;Arcade;ArcadeCar-1599909;2015;17;17;40,30158;300;35,53967;75;4,856186;4;22;2,339471
39;Arcade;ArcadeCar-1599909;15000;13;17;300;300;4,403294;75;5,358683;3;21;269,0459
40;Arcade;ArcadeCar-1599909;1896;17;17;37,91137;300;37,7517;75;6,951657;3;16;0,331277
41;Arcade;ArcadeCar-1599909;1919;17;17;38,37933;300;37,64263;75;4,590845;3;18;2,095504
42;Arcade;ArcadeCar-1599909;1924;17;17;38,4779;300;37,84521;75;6,920112;2;21;1,427879
43;Arcade;ArcadeCar-1599909;1910;17;17;38,20047;300;37,86514;75;6,367885;2;21;1,997313
44;Arcade;ArcadeCar-1599909;1758;17;17;35,16054;300;41,76126;75;4,882484;4;23;0,326747
45;Arcade;ArcadeCar-1599909;1765;17;17;35,30242;300;40,93386;75;5,730556;1;15;0,042468
46;Arcade;ArcadeCar-1599909;1805;17;17;36,09758;300;40,76821;75;5,137025;3;22;0,3645719
47;Arcade;ArcadeCar-1599909;2071;17;17;41,41998;300;35,31299;75;2,917673;1;22;5,994325
48;Arcade;ArcadeCar-1599909;2441;17;17;48,82557;300;30,289;75;6,456608;6;18;6,525257
49;Arcade;ArcadeCar-1599909;2347;17;17;46,5938;300;31,44022;75;7,249459;4;18;6,532626
50;Arcade;ArcadeCar-1599909;2069;17;17;41,72379;300;34,70795;75;5,406575;3;17;2,809542
0;Arcade;ArcadeCar-1699926;15000;13;17;300;300;4,414638;75;5,593924;2;20;270,7987
1;Arcade;ArcadeCar-1699926;2013;17;17;40,25398;300;36,1495;75;7,806112;4;20;2,750524
2;Arcade;ArcadeCar-1699926;1771;17;17;35,41805;300;40,94161;75;6,671962;0;19;0
3;Arcade;ArcadeCar-1699926;2108;17;17;42,16185;300;34,51673;75;7,498997;3;17;3,454376
4;Arcade;ArcadeCar-1699926;2427;17;17;48,53591;300;30,42393;75;8,244164;4;17;8,32533
5;Arcade;ArcadeCar-1699926;2093;17;17;41,86265;300;34,02724;75;8,43574;3;16;1,225739
6;Arcade;ArcadeCar-1699926;1770;17;17;35,40136;300;40,6731;75;4,521186;1;20;0,8569084
7;Arcade;ArcadeCar-1699926;1808;17;17;36,15754;300;39,29519;75;5,36096;3;20;0,1286742
8;Arcade;ArcadeCar-1699926;2026;17;17;40,51929;300;35,189;75;5,972747;8;21;1,663264
9;Arcade;ArcadeCar-1699926;1870;17;17;37,40287;300;38,29615;75;6,879119;1;20;1,140416
10;Arcade;ArcadeCar-1699926;3079;17;17;61,08809;300;23,41482;75;6,728366;3;22;22,6987
11;Arcade;ArcadeCar-1699926;1666;17;17;33,81426;300;43,34753;75;5,309187;0;17;0
12;Arcade;ArcadeCar-1699926;2011;17;17;40,21701;300;35,72896;75;5,415893;4;25;2,625433
13;Arcade;ArcadeCar-1699926;2050;17;17;41,00411;300;36,10209;75;6,231376;2;22;3,483065
14;Arcade;ArcadeCar-1699926;1737;17;17;34,73326;300;41,1575;75;5,541784;1;16;0,0351842
15;Arcade;ArcadeCar-1699926;1859;17;17;36,78744;300;38,57009;75;3,054439;3;19;2,465414
16;Arcade;ArcadeCar-1699926;2385;17;17;48,09755;300;29,13193;75;15,8566;4;17;2,014886
17;Arcade;ArcadeCar-1699926;2222;17;17;44,43721;300;32,62425;75;5,956367;7;25;3,300086
18;Arcade;ArcadeCar-1699926;1915;17;17;38,14923;300;37,97363;75;6,957474;4;19;1,283439
19;Arcade;ArcadeCar-1699926;1809;17;17;36,33214;300;39,8268;75;5,391148;1;18;0
20;Arcade;ArcadeCar-1699926;1940;17;17;38,80118;300;37,93355;75;4,375039;2;19;2,59317
21;Arcade;ArcadeCar-1699926;1810;17;17;36,15419;300;40,33303;75;6,455456;2;22;0,04108
22;Arcade;ArcadeCar-1699926;1875;17;17;37,54354;300;38,60183;75;5,166559;3;19;0,894904
23;Arcade;ArcadeCar-1699926;2079;17;17;41,57887;300;34,89005;75;6,999554;4;19;1,921651
24;Arcade;ArcadeCar-1699926;1726;17;17;34,52063;300;41,92688;75;5,297782;1;21;0,0247876
25;Arcade;ArcadeCar-1699926;2249;17;17;44,98396;300;32,33466;75;7,760042;7;22;3,344367
26;Arcade;ArcadeCar-1699926;10015;17;17;200,2966;300;7,76281;75;169,7443;3;18;164,0107
27;Arcade;ArcadeCar-1699926;1899;17;17;37,98249;300;38,05941;75;4,393494;4;18;1,047345
28;Arcade;ArcadeCar-1699926;1954;17;17;39,0752;300;36,79567;75;6,292882;3;20;1,706146
29;Arcade;ArcadeCar-1699926;2222;17;17;44,44372;300;31,52099;75;14,72324;2;21;1,138507
30;Arcade;ArcadeCar-1699926;1722;17;17;34,4369;300;41,49402;75;3,95979;3;22;0,7964685
31;Arcade;ArcadeCar-1699926;2407;17;17;48,14104;300;29,68257;75;13,41593;4;16;3,152639
32;Arcade;ArcadeCar-1699926;1946;17;17;38,9241;300;37,78909;75;5,24764;3;19;1,336839
33;Arcade;ArcadeCar-1699926;1748;17;17;34,95711;300;41,29466;75;5,896138;1;16;0,023028
34;Arcade;ArcadeCar-1699926;2165;17;17;42,72179;300;32,60057;75;6,475938;7;19;2,996059
35;Arcade;ArcadeCar-1699926;1594;17;17;32,46068;300;44,01651;75;4,295739;1;20;0,4743935
36;Arcade;ArcadeCar-1699926;1720;17;17;34,39855;300;42,37074;75;5,78868;2;19;0,0418984
37;Arcade;ArcadeCar-1699926;1849;17;17;36,98115;300;39,36757;75;5,382353;1;18;1,463442
38;Arcade;ArcadeCar-1699926;1882;17;17;37,64092;300;38,8905;75;5,040833;3;19;1,714296
39;Arcade;ArcadeCar-1699926;1870;17;17;37,39347;300;37,84063;75;8,185607;1;16;0,179306
40;Arcade;ArcadeCar-1699926;1842;17;17;36,84499;300;39,46678;75;5,323621;2;21;0,973237
41;Arcade;ArcadeCar-1699926;1918;17;17;38,36045;300;37,45176;75;4,393031;2;19;1,022311
42;Arcade;ArcadeCar-1699926;1835;17;17;36,69971;300;39,10194;75;5,772902;2;21;0,38022
43;Arcade;ArcadeCar-1699926;1699;17;17;33,97943;300;42,63042;75;4,774543;1;22;0,02154879
44;Arcade;ArcadeCar-1699926;2236;17;17;44,72021;300;31,48085;75;7,508674;4;25;4,187111
45;Arcade;ArcadeCar-1699926;1956;17;17;39,1221;300;36,24482;75;4,823786;3;19;2,199301
46;Arcade;ArcadeCar-1699926;1829;17;17;36,57447;300;39,78018;75;4,469229;2;19;1,251154
47;Arcade;ArcadeCar-1699926;2368;17;17;47,36054;300;29,93608;75;10,19353;3;19;6,095689
48;Arcade;ArcadeCar-1699926;2082;17;17;41,64109;300;34,81957;75;7,973239;3;20;2,523992
49;Arcade;ArcadeCar-1699926;2365;17;17;47,29869;300;30,79526;75;5,080803;5;23;7,235343
50;Arcade;ArcadeCar-1699926;2103;17;17;42,06185;300;33,71168;75;4,142792;4;22;4,837025
0;Arcade;ArcadeCar-1799910;14999;1;17;300;300;0,9478396;75;0,4403516;1;19;295,9378
1;Arcade;ArcadeCar-1799910;2044;17;17;40,73508;300;35,40738;75;6,486971;3;23;1,904306
2;Arcade;ArcadeCar-1799910;2036;17;17;40,84507;300;36,25741;75;7,0007;2;24;1,620573
3;Arcade;ArcadeCar-1799910;2077;17;17;41,53675;300;34,80276;75;3,575409;3;22;4,989839
4;Arcade;ArcadeCar-1799910;2736;17;17;54,71775;300;26,2212;75;7,373023;4;17;16,25872
5;Arcade;ArcadeCar-1799910;14999;13;17;300;300;4,373942;75;5,177751;4;20;269,0107
6;Arcade;ArcadeCar-1799910;1738;17;17;34,74282;300;42,19915;75;6,245041;1;20;0,3023235
7;Arcade;ArcadeCar-1799910;1789;17;17;35,78186;300;40,71646;75;6,968247;2;18;0,1377328
8;Arcade;ArcadeCar-1799910;1702;17;17;34,03542;300;41,45624;75;2,197028;3;21;0,7648543
9;Arcade;ArcadeCar-1799910;1719;17;17;34,38498;300;41,46408;75;6,779144;0;18;0
10;Arcade;ArcadeCar-1799910;1949;17;17;38,97473;300;36,38649;75;6,839241;2;17;1,281474
11;Arcade;ArcadeCar-1799910;9535;17;17;190,7012;300;7,922501;75;6,774507;2;17;152,2616
12;Arcade;ArcadeCar-1799910;1931;17;17;38,62267;300;37,54101;75;6,840265;2;16;1,329717
13;Arcade;ArcadeCar-1799910;1889;17;17;37,77558;300;38,11706;75;6,242915;3;22;1,965618
14;Arcade;ArcadeCar-1799910;1789;17;17;35,787;300;41,06193;75;5,396028;1;22;0,4612962
15;Arcade;ArcadeCar-1799910;2334;17;17;46,67703;300;30,98073;75;13,40707;3;22;2,25275
16;Arcade;ArcadeCar-1799910;1700;17;17;33,99768;300;42,17703;75;2,982946;3;21;0,2941902
17;Arcade;ArcadeCar-1799910;1782;17;17;35,64171;300;40,77382;75;6,123076;2;21;0,1230146
18;Arcade;ArcadeCar-1799910;2093;17;17;41,6079;300;34,27288;75;4,190465;4;24;4,056976
19;Arcade;ArcadeCar-1799910;860;7;17;300;300;43,05673;75;2,999832;1;21;0,0202922
20;Arcade;ArcadeCar-1799910;1885;17;17;37,70046;300;38,61247;75;6,320684;3;22;1,830239
21;Arcade;ArcadeCar-1799910;1871;17;17;37,4175;300;38,27487;75;5,755154;2;22;1,280959
22;Arcade;ArcadeCar-1799910;2664;17;17;53,2798;300;27,70436;75;13,51367;7;21;9,808346
23;Arcade;ArcadeCar-1799910;1972;17;17;39,44117;300;35,73046;75;4,637195;4;22;3,118685
24;Arcade;ArcadeCar-1799910;1830;17;17;36,60199;300;38,77024;75;6,706503;2;19;1,323626
25;Arcade;ArcadeCar-1799910;1752;17;17;35,03815;300;40,6182;75;5,596083;2;20;0,1200588
26;Arcade;ArcadeCar-1799910;2187;17;17;43,73885;300;33,57193;75;6,447958;4;16;5,078689
27;Arcade;ArcadeCar-1799910;2125;17;17;42,50395;300;34,62282;75;6,329327;3;19;3,055058
28;Arcade;ArcadeCar-1799910;1612;17;17;32,23997;300;44,41859;75;3,856021;1;17;0,0565612
29;Arcade;ArcadeCar-1799910;1792;17;17;35,83479;300;39,49097;75;6,171702;3;21;0,6054946
30;Arcade;ArcadeCar-1799910;1945;17;17;38,90004;300;37,38721;75;6,274233;3;21;1,659407
31;Arcade;ArcadeCar-1799910;2002;17;17;40,04419;300;35,83866;75;4,280241;4;21;2,417833
32;Arcade;ArcadeCar-1799910;1678;17;17;33,55582;300;43,67082;75;5,965975;0;19;0
33;Arcade;ArcadeCar-1799910;1883;17;17;37,66063;300;38,08637;75;5,490434;5;22;1,452235
34;Arcade;ArcadeCar-1799910;1881;17;17;37,62061;300;37,81309;75;4,885591;3;18;1,565498
35;Arcade;ArcadeCar-1799910;1649;17;17;32,97701;300;43,65655;75;4,567682;1;20;0,07904319
36;Arcade;ArcadeCar-1799910;2000;17;17;39,97255;300;37,30241;75;7,326226;5;18;2,996478
37;Arcade;ArcadeCar-1799910;1959;17;17;39,21421;300;36,80332;75;9,449347;1;15;0,02281719
38;Arcade;ArcadeCar-1799910;15000;1;17;300;300;0,9454007;75;0,2709182;1;20;295,9006
39;Arcade;ArcadeCar-1799910;1802;17;17;36,03711;300;39,74034;75;3,508706;2;19;1,009585
40;Arcade;ArcadeCar-1799910;2124;17;17;42,47742;300;34,60877;75;8,207394;3;23;2,09948
41;Arcade;ArcadeCar-1799910;2335;17;17;46,30328;300;30,69456;75;10,85092;7;17;3,259006
42;Arcade;ArcadeCar-1799910;1918;17;17;38,37603;300;37,1205;75;5,732872;4;20;1,329948
43;Arcade;ArcadeCar-1799910;2346;17;17;47,30037;300;29,76635;75;11,05856;6;23;4,21776
44;Arcade;ArcadeCar-1799910;4333;17;17;86,65952;300;16,92797;75;9,573369;2;22;46,58553
45;Arcade;ArcadeCar-1799910;2005;17;17;40,10257;300;36,27246;75;7,410871;3;20;2,496263
46;Arcade;ArcadeCar-1799910;1997;17;17;39,94114;300;36,14313;75;4,436417;4;21;1,985401
47;Arcade;ArcadeCar-1799910;10991;17;17;219,8138;300;6,791102;75;190,1638;5;19;184,2252
48;Arcade;ArcadeCar-1799910;1788;17;17;35,76656;300;40,84267;75;5,457831;1;23;0,5841692
49;Arcade;ArcadeCar-1799910;1970;17;17;39,39566;300;35,74723;75;6,672867;3;21;1,660169
50;Arcade;ArcadeCar-1799910;1855;17;17;37,10102;300;38,43084;75;4,811286;2;19;1,103673
0;Arcade;ArcadeCar-1899950;1743;17;17;34,48053;300;40,98528;75;5,066383;2;17;0,7981023
1;Arcade;ArcadeCar-1899950;1890;17;17;38,18019;300;38,54317;75;5,499276;2;17;1,371087
2;Arcade;ArcadeCar-1899950;1904;17;17;38,07966;300;38,02561;75;3,908034;2;16;1,465125
3;Arcade;ArcadeCar-1899950;1863;17;17;37,25854;300;38,95199;75;6,520359;1;14;2,085631
4;Arcade;ArcadeCar-1899950;2409;17;17;48,18312;300;30,43596;75;10,06968;7;21;3,897309
5;Arcade;ArcadeCar-1899950;2117;17;17;42,33722;300;34,49406;75;8,332458;3;17;3,20422
6;Arcade;ArcadeCar-1899950;920;7;17;300;300;40,80686;75;5,164252;1;21;0,01972559
7;Arcade;ArcadeCar-1899950;1785;17;17;35,69797;300;40,81141;75;4,802299;1;22;1,243447
8;Arcade;ArcadeCar-1899950;1641;17;17;32,81605;300;43,38474;75;6,691695;0;17;0
9;Arcade;ArcadeCar-1899950;1779;17;17;35,57878;300;39,94056;75;2,889317;5;18;1,000909
10;Arcade;ArcadeCar-1899950;1813;17;17;36,26167;300;39,2518;75;6,122017;1;18;1,419912
11;Arcade;ArcadeCar-1899950;2337;17;17;46,74293;300;31,46613;75;10,92516;6;21;3,77406
12;Arcade;ArcadeCar-1899950;1987;17;17;39,74231;300;36,07185;75;3,775912;4;18;2,294685
13;Arcade;ArcadeCar-1899950;1909;17;17;38,17373;300;37,59829;75;6,016533;3;21;1,24549
14;Arcade;ArcadeCar-1899950;2182;17;17;43,64296;300;33,17181;75;8,875892;3;22;3,280555
15;Arcade;ArcadeCar-1899950;1982;17;17;39,6415;300;36,86129;75;5,449626;4;17;1,775757
16;Arcade;ArcadeCar-1899950;1943;17;17;38,86158;300;37,36918;75;8,177583;3;17;1,108063
17;Arcade;ArcadeCar-1899950;1794;17;17;35,87487;300;40,83987;75;4,394303;1;19;1,656967
18;Arcade;ArcadeCar-1899950;1841;17;17;36,82199;300;39,42528;75;6,6512;2;23;0,064202
19;Arcade;ArcadeCar-1899950;1916;17;17;38,32329;300;37,54962;75;6,284476;4;20;0,3080978
20;Arcade;ArcadeCar-1899950;1944;17;17;38,87229;300;36,79387;75;6,38621;3;16;1,819367
21;Arcade;ArcadeCar-1899950;2239;17;17;44,78784;300;31,92289;75;9,258283;3;19;4,524266
22;Arcade;ArcadeCar-1899950;1783;17;17;35,656;300;40,44523;75;5,959346;1;18;1,459927
23;Arcade;ArcadeCar-1899950;838;7;17;300;300;41,33035;75;3,379541;2;18;0,1401068
24;Arcade;ArcadeCar-1899950;1965;17;17;39,30056;300;35,77451;75;6,714455;3;19;1,970899
25;Arcade;ArcadeCar-1899950;1917;17;17;38,34147;300;37,68119;75;7,765182;3;17;1,017024
26;Arcade;ArcadeCar-1899950;1849;17;17;36,97456;300;39,14148;75;7,185013;2;18;2,124535
27;Arcade;ArcadeCar-1899950;15000;12;17;300;300;4,175426;75;6,095963;4;20;268,5196
28;Arcade;ArcadeCar-1899950;1991;17;17;39,81567;300;35,94907;75;4,271056;5;16;2,418378
29;Arcade;ArcadeCar-1899950;1869;17;17;37,38211;300;38,7674;75;5,37141;1;16;1,220917
30;Arcade;ArcadeCar-1899950;1880;17;17;37,59816;300;38,36585;75;4,493876;3;15;1,164593
31;Arcade;ArcadeCar-1899950;1766;17;17;35,32333;300;40,76161;75;4,280514;2;24;0,8819129
32;Arcade;ArcadeCar-1899950;1888;17;17;37,75344;300;36,82701;75;6,910604;2;15;1,038758
33;Arcade;ArcadeCar-1899950;1636;17;17;32,72512;300;43,32648;75;3,529497;2;22;0,115467
34;Arcade;ArcadeCar-1899950;1790;17;17;35,79653;300;39,93651;75;2,995762;4;17;1,150959
35;Arcade;ArcadeCar-1899950;1743;17;17;34,85835;300;40,86966;75;3,163964;3;21;0,9414851
36;Arcade;ArcadeCar-1899950;2007;17;17;40,14084;300;36,32695;75;5,079966;3;22;2,994647
37;Arcade;ArcadeCar-1899950;13718;17;17;274,3602;300;5,86106;75;7,368723;2;23;236,6142
38;Arcade;ArcadeCar-1899950;2165;17;17;43,30185;300;33,5958;75;9,347791;4;19;4,963176
39;Arcade;ArcadeCar-1899950;2070;17;17;41,40167;300;35,2284;75;8,219752;3;19;2,201047
40;Arcade;ArcadeCar-1899950;15021;13;17;300;300;4,438231;75;3,131268;3;20;270,1989
41;Arcade;ArcadeCar-1899950;1930;17;17;38,58121;300;37,66246;75;6,450641;4;23;0,2836694
42;Arcade;ArcadeCar-1899950;1952;17;17;39,03844;300;36,72549;75;4,824182;4;18;1,416229
43;Arcade;ArcadeCar-1899950;1981;17;17;39,61945;300;36,71032;75;5,898764;3;18;1,854715
44;Arcade;ArcadeCar-1899950;1613;17;17;32,26592;300;43,51736;75;4,527846;1;18;0,01252041
45;Arcade;ArcadeCar-1899950;2142;17;17;42,83585;300;33,61985;75;5,817361;4;16;2,529817
46;Arcade;ArcadeCar-1899950;2218;17;17;44,36482;300;31,9287;75;8,491804;4;23;3,78785
47;Arcade;ArcadeCar-1899950;1974;17;17;39,47792;300;36,21293;75;7,310649;3;19;3,115292
48;Arcade;ArcadeCar-1899950;2090;17;17;41,80084;300;34,68825;75;9,15646;6;26;0,9616566
49;Arcade;ArcadeCar-1899950;2105;17;17;42,10075;300;34,44684;75;5,611998;4;22;3,530957
50;Arcade;ArcadeCar-1899950;1952;17;17;39,04001;300;37,66502;75;8,068151;3;19;0,2813368
0;Arcade;ArcadeCar-1999990;1843;17;17;36,85427;300;39,67223;75;10,22088;0;15;0
1;Arcade;ArcadeCar-1999990;1796;17;17;35,92591;300;39,27615;75;3,873475;2;21;1,376369
2;Arcade;ArcadeCar-1999990;1899;17;17;37,97427;300;37,09158;75;7,873337;3;20;0,7209452
3;Arcade;ArcadeCar-1999990;2148;17;17;42,96435;300;33,57286;75;7,248639;3;14;5,553448
4;Arcade;ArcadeCar-1999990;1756;17;17;35,11753;300;40,94724;75;4,323891;2;19;1,453326
5;Arcade;ArcadeCar-1999990;2088;17;17;41,76209;300;34,84063;75;5,136157;5;20;3,296549
6;Arcade;ArcadeCar-1999990;1835;17;17;36,6976;300;40,31369;75;6,112507;2;20;0,3045236
7;Arcade;ArcadeCar-1999990;2207;17;17;43,50048;300;32,76377;75;9,058395;4;15;3,931538
8;Arcade;ArcadeCar-1999990;1788;17;17;36,40355;300;40,86922;75;6,112263;2;18;1,262518
9;Arcade;ArcadeCar-1999990;1676;17;17;33,51466;300;43,27105;75;5,749838;3;18;0,1904892
10;Arcade;ArcadeCar-1999990;1745;17;17;34,90572;300;40,24412;75;2,694346;3;19;1,693668
11;Arcade;ArcadeCar-1999990;1968;17;17;38,99804;300;37,15742;75;4,99271;3;16;2,674608
12;Arcade;ArcadeCar-1999990;1959;17;17;39,53885;300;36,63807;75;4,486615;4;16;3,475545
13;Arcade;ArcadeCar-1999990;1789;17;17;35,77966;300;39,86543;75;3,54782;2;22;1,526308
14;Arcade;ArcadeCar-1999990;1776;17;17;35,5197;300;41,05764;75;4,736922;1;20;0,7269533
15;Arcade;ArcadeCar-1999990;2013;17;17;40,26346;300;35,25928;75;8,100116;2;21;2,314915
16;Arcade;ArcadeCar-1999990;1897;17;17;37,93441;300;38,62035;75;2,665191;5;22;0,8989799
17;Arcade;ArcadeCar-1999990;1731;17;17;34,62407;300;39,97781;75;6,545455;2;15;0,7447606
18;Arcade;ArcadeCar-1999990;1773;17;17;35,19751;300;41,67195;75;5,68336;1;17;1,341352
19;Arcade;ArcadeCar-1999990;1894;17;17;38,1394;300;37,9939;75;5,152024;4;21;1,735659
20;Arcade;ArcadeCar-1999990;2226;17;17;44,52065;300;31,84989;75;13,49663;3;20;1,638651
21;Arcade;ArcadeCar-1999990;1987;17;17;39,73898;300;36,05814;75;3,564944;3;21;3,842741
22;Arcade;ArcadeCar-1999990;2007;17;17;40,14102;300;35,75763;75;7,736053;2;21;2,390814
23;Arcade;ArcadeCar-1999990;1759;17;17;35,17913;300;40,35162;75;5,068663;1;19;0,2586756
24;Arcade;ArcadeCar-1999990;14999;2;17;300;300;1,293685;75;0,262054;1;19;293,3335
25;Arcade;ArcadeCar-1999990;1867;17;17;37,31979;300;39,40826;75;5,690902;3;20;0,9866188
26;Arcade;ArcadeCar-1999990;1940;17;17;38,79935;300;36,83774;75;4,488787;5;22;3,009567
27;Arcade;ArcadeCar-1999990;1955;17;17;39,03809;300;36,92268;75;2,904977;5;23;2,66005
28;Arcade;ArcadeCar-1999990;1873;17;17;37,18977;300;38,84562;75;5,364028;5;19;0,539133
29;Arcade;ArcadeCar-1999990;1953;17;17;39,3942;300;37,02536;75;6,827141;4;20;0,3384635
30;Arcade;ArcadeCar-1999990;1907;17;17;38,14174;300;37,08929;75;4,74693;3;15;2,053267
31;Arcade;ArcadeCar-1999990;2025;17;17;40,49956;300;36,21481;75;8,201259;4;22;1,314831
32;Arcade;ArcadeCar-1999990;1785;17;17;35,69533;300;40,89362;75;5,203249;2;17;0,2563178
33;Arcade;ArcadeCar-1999990;1655;17;17;33,10189;300;43,77736;75;4,433078;1;21;0,06449439
34;Arcade;ArcadeCar-1999990;1812;17;17;36,24154;300;39,74097;75;5,135;2;21;1,098926
35;Arcade;ArcadeCar-1999990;2309;17;17;45,72491;300;31,49043;75;13,76541;4;20;10,00943
36;Arcade;ArcadeCar-1999990;2280;17;17;46,05194;300;31,17458;75;14,17008;5;22;2,337171
37;Arcade;ArcadeCar-1999990;1735;17;17;34,70303;300;41,57906;75;3,412349;3;22;1,15313
38;Arcade;ArcadeCar-1999990;1967;17;17;39,33967;300;36,63054;75;3,362482;4;21;1,620768
39;Arcade;ArcadeCar-1999990;1795;17;17;35,80484;300;40,85928;75;6,566014;2;18;0,5354663
40;Arcade;ArcadeCar-1999990;1931;17;17;38,71107;300;37,6744;75;5,886623;3;25;2,678802
41;Arcade;ArcadeCar-1999990;1977;17;17;39,54381;300;36,84164;75;4,668584;5;18;2,333536
42;Arcade;ArcadeCar-1999990;2092;17;17;41,83663;300;34,18363;75;6,749629;5;22;3,942194
43;Arcade;ArcadeCar-1999990;2176;17;17;43,52433;300;32,92526;75;9,748554;4;20;2,175728
44;Arcade;ArcadeCar-1999990;1774;17;17;35,48099;300;40,68255;75;5,043693;2;16;0,4574527
45;Arcade;ArcadeCar-1999990;15000;12;17;300;300;4,076718;75;6,233476;5;22;272,8218
46;Arcade;ArcadeCar-1999990;2455;17;17;49,09021;300;29,61044;75;7,175376;5;23;9,04455
47;Arcade;ArcadeCar-1999990;1866;17;17;37,31826;300;39,12081;75;4,484735;3;17;1,678026
48;Arcade;ArcadeCar-1999990;1603;17;17;32,064;300;44,91172;75;3,213043;2;16;0,01612781
49;Arcade;ArcadeCar-1999990;2116;17;17;42,31934;300;33,87467;75;5,151188;4;22;4,213876
50;Arcade;ArcadeCar-1999990;1847;17;17;36,93578;300;39,01997;75;4,8681;2;18;1,729102
0;Arcade;ArcadeCar-2099918;1801;17;17;36,02131;300;40,76073;75;7,717909;1;16;0,426327
1;Arcade;ArcadeCar-2099918;2254;17;17;45,08381;300;31,26505;75;8,737026;4;19;5,144089
2;Arcade;ArcadeCar-2099918;2479;17;17;49,57685;300;28,54025;75;10,9951;6;21;5,20957
3;Arcade;ArcadeCar-2099918;1583;17;17;31,6572;300;45,25004;75;3,899633;2;20;0,134667
4;Arcade;ArcadeCar-2099918;2213;17;17;44,26114;300;32,01555;75;14,35369;4;20;0,42888
5;Arcade;ArcadeCar-2099918;1773;17;17;35,45855;300;40,62534;75;4,044903;3;19;0,1518491
6;Arcade;ArcadeCar-2099918;1927;17;17;38,54529;300;37,36805;75;4,840134;3;17;1,514747
7;Arcade;ArcadeCar-2099918;1969;17;17;39,37752;300;36,73807;75;5,090864;3;19;1,207111
8;Arcade;ArcadeCar-2099918;1719;17;17;34,38095;300;42,14013;75;2,640134;3;19;0,4327217
9;Arcade;ArcadeCar-2099918;1606;17;17;32,11965;300;44,84155;75;5,677557;1;20;0,019727
10;Arcade;ArcadeCar-2099918;1901;17;17;38,01796;300;37,96071;75;2,875119;2;18;3,982085
11;Arcade;ArcadeCar-2099918;1871;17;17;37,42554;300;39,03395;75;7,110154;2;18;0,2599286
12;Arcade;ArcadeCar-2099918;1664;17;17;33,27834;300;43,16824;75;5,075724;1;20;0,02569201
13;Arcade;ArcadeCar-2099918;1802;17;17;36,03943;300;40,81153;75;5,358912;1;23;1,055203
14;Arcade;ArcadeCar-2099918;1885;17;17;37,70148;300;37,89421;75;7,153068;2;17;1,416213
15;Arcade;ArcadeCar-2099918;1874;17;17;37,47866;300;39,15137;75;5,738207;2;16;1,490324
16;Arcade;ArcadeCar-2099918;1773;17;17;35,45967;300;40,93622;75;6,283956;1;18;0,2561054
17;Arcade;ArcadeCar-2099918;1776;17;17;35,5187;300;41,12506;75;6,151644;2;19;0,1788488
18;Arcade;ArcadeCar-2099918;2078;17;17;41,55844;300;34,95199;75;6,462128;3;19;5,780462
19;Arcade;ArcadeCar-2099918;1610;17;17;32,20338;300;43,97538;75;5,70387;1;19;0,02398679
20;Arcade;ArcadeCar-2099918;2202;17;17;44,03699;300;33,36884;75;4,38305;6;20;2,23348
21;Arcade;ArcadeCar-2099918;1734;17;17;34,67826;300;41,90342;75;5,955011;2;23;0,8963125
22;Arcade;ArcadeCar-2099918;2213;17;17;44,26188;300;33,46631;75;4,562699;5;24;4,752532
23;Arcade;ArcadeCar-2099918;1671;17;17;33,4251;300;43,66005;75;6,214443;1;17;0,02604579
24;Arcade;ArcadeCar-2099918;2213;17;17;44,25979;300;32,51278;75;10,32626;6;20;3,055581
25;Arcade;ArcadeCar-2099918;1775;17;17;35,49508;300;40,59613;75;3,198126;3;21;0,7768263
26;Arcade;ArcadeCar-2099918;1685;17;17;33,70156;300;42,17421;75;4,172718;2;18;0,2621576
27;Arcade;ArcadeCar-2099918;1727;17;17;34,53787;300;41,73661;75;6,551002;2;19;0,1818864
28;Arcade;ArcadeCar-2099918;1624;17;17;32,4853;300;44,68698;75;4,519138;2;19;0,1695894
29;Arcade;ArcadeCar-2099918;1617;17;17;32,33867;300;44,68379;75;4,499706;1;15;0,03953301
30;Arcade;ArcadeCar-2099918;1718;17;17;34,35704;300;42,2941;75;4,55535;2;23;0,9643779
31;Arcade;ArcadeCar-2099918;1642;17;17;32,84428;300;44,11158;75;4,017449;2;17;0,08202022
32;Arcade;ArcadeCar-2099918;15000;12;17;300;300;4,165112;75;3,676653;4;23;270,1586
33;Arcade;ArcadeCar-2099918;1946;17;17;38,91222;300;36,96814;75;9,409972;2;20;0,21806
34;Arcade;ArcadeCar-2099918;2136;17;17;42,72495;300;33,62832;75;4,750829;6;20;3,094914
35;Arcade;ArcadeCar-2099918;1867;17;17;37,34086;300;39,24896;75;7,825902;2;21;0,2821658
36;Arcade;ArcadeCar-2099918;2166;17;17;43,31526;300;33,30268;75;3,33186;3;20;9,042954
37;Arcade;ArcadeCar-2099918;1815;17;17;36,29992;300;39,59579;75;5,461421;2;19;0,9275419
38;Arcade;ArcadeCar-2099918;794;8;17;300;300;46,00847;75;2,35803;0;18;0
39;Arcade;ArcadeCar-2099918;1918;17;17;38,35844;300;38,0569;75;5,120391;2;20;2,421503
40;Arcade;ArcadeCar-2099918;1847;17;17;36,93822;300;38,76068;75;5,964027;2;19;1,293141
41;Arcade;ArcadeCar-2099918;1674;17;17;33,48116;300;43,04974;75;3,631554;2;20;0,0808212
42;Arcade;ArcadeCar-2099918;1938;17;17;38,76123;300;36,50801;75;10,01958;1;19;0,3204598
43;Arcade;ArcadeCar-2099918;2640;17;17;52,79879;300;28,40057;75;9,966739;8;22;6,783837
44;Arcade;ArcadeCar-2099918;1820;17;17;36,3975;300;39,55272;75;2,747327;4;23;1,653179
45;Arcade;ArcadeCar-2099918;1825;17;17;36,50336;300;39,68467;75;4,97045;4;20;0,4645548
46;Arcade;ArcadeCar-2099918;1739;17;17;34,78289;300;42,46516;75;4,248526;1;20;0,2539806
47;Arcade;ArcadeCar-2099918;1654;17;17;33,07927;300;44,41759;75;5,033977;1;12;0,2220712
48;Arcade;ArcadeCar-2099918;1616;17;17;32,3139;300;44,58728;75;5,369852;0;19;0
49;Arcade;ArcadeCar-2099918;1851;17;17;37,0218;300;38,06744;75;3,96428;3;20;1,762011
50;Arcade;ArcadeCar-2099918;1869;17;17;37,38391;300;38,39224;75;4,407636;3;21;1,686969
0;Arcade;ArcadeCar-2199934;1690;17;17;33,79651;300;43,1344;75;3,884796;1;19;0,1956586
1;Arcade;ArcadeCar-2199934;2242;17;17;44,83869;300;32,30183;75;8,496517;4;26;4,015396
2;Arcade;ArcadeCar-2199934;1779;17;17;35,58266;300;39,98898;75;6,890842;2;21;0,2975014
3;Arcade;ArcadeCar-2199934;1814;17;17;36,28094;300;39,78575;75;6,790089;3;17;0,235604
4;Arcade;ArcadeCar-2199934;2121;17;17;42,42061;300;34,53957;75;6,301214;4;22;4,099258
5;Arcade;ArcadeCar-2199934;2170;17;17;43,39894;300;33,10079;75;6,925957;4;21;5,04959
6;Arcade;ArcadeCar-2199934;1939;17;17;38,77563;300;37,5084;75;8,379068;3;22;0,3930503
7;Arcade;ArcadeCar-2199934;7198;17;17;143,9643;300;10,47941;75;4,86738;2;17;110,6975
8;Arcade;ArcadeCar-2199934;2331;17;17;46,61898;300;30,67626;75;13,47769;5;16;2,677537
9;Arcade;ArcadeCar-2199934;1940;17;17;38,28511;300;36,20456;75;5,789797;3;18;4,175203
10;Arcade;ArcadeCar-2199934;896;8;17;300;300;45,96656;75;5,129927;0;22;0
11;Arcade;ArcadeCar-2199934;1643;17;17;32,85888;300;44,48307;75;3,377723;2;19;0,09743799
12;Arcade;ArcadeCar-2199934;1939;17;17;38,776;300;37,38109;75;3,905485;5;21;2,577629
13;Arcade;ArcadeCar-2199934;844;8;17;300;300;43,80005;75;2,899853;1;22;0,04077819
14;Arcade;ArcadeCar-2199934;1763;17;17;35,26193;300;41,91107;75;5,226444;1;19;1,339145
15;Arcade;ArcadeCar-2199934;1841;17;17;36,82187;300;39,07405;75;7,318452;1;20;0,9809095
16;Arcade;ArcadeCar-2199934;2048;17;17;40,9628;300;35,03711;75;8,801595;1;20;2,623395
17;Arcade;ArcadeCar-2199934;1955;17;17;39,09727;300;38,01812;75;7,386516;3;19;1,76142
18;Arcade;ArcadeCar-2199934;2097;17;17;41,93808;300;35,39044;75;7,914437;6;25;1,519102
19;Arcade;ArcadeCar-2199934;1913;17;17;37,70603;300;37,68102;75;5,030513;3;24;1,938061
20;Arcade;ArcadeCar-2199934;2094;17;17;42,43262;300;34,72478;75;9,01153;5;20;4,484642
21;Arcade;ArcadeCar-2199934;1717;17;17;34,34602;300;42,48632;75;4,604463;1;17;0,8064564
22;Arcade;ArcadeCar-2199934;2209;17;17;44,17945;300;32,09545;75;9,751815;4;19;5,491573
23;Arcade;ArcadeCar-2199934;1845;17;17;36,89925;300;37,86368;75;7,348819;3;20;1,383782
24;Arcade;ArcadeCar-2199934;1781;17;17;34,96269;300;40,52508;75;6,473638;2;19;0,1032708
25;Arcade;ArcadeCar-2199934;2025;17;17;41,15421;300;34,87432;75;12,13291;3;24;0,9810005
26;Arcade;ArcadeCar-2199934;1834;17;17;36,68264;300;39,38907;75;5,676814;3;20;1,894489
27;Arcade;ArcadeCar-2199934;2376;17;17;47,51896;300;30,20242;75;8,174283;3;18;6,947739
28;Arcade;ArcadeCar-2199934;1738;17;17;34,75594;300;41,59027;75;5,471913;2;16;0,8393965
29;Arcade;ArcadeCar-2199934;1889;17;17;37,78426;300;38,26589;75;6,493757;2;19;1,393065
30;Arcade;ArcadeCar-2199934;2265;17;17;45,30202;300;32,33049;75;6,117731;5;22;4,108351
31;Arcade;ArcadeCar-2199934;1816;17;17;36,31614;300;40,48136;75;6,386077;2;19;1,247381
32;Arcade;ArcadeCar-2199934;1906;17;17;38,11982;300;38,34996;75;5,999856;3;20;0,9460422
33;Arcade;ArcadeCar-2199934;1916;17;17;38,32467;300;37,50657;75;4,60669;3;21;2,012862
34;Arcade;ArcadeCar-2199934;2061;17;17;41,21913;300;34,2953;75;8,79832;3;19;2,554807
35;Arcade;ArcadeCar-2199934;1776;17;17;35,51824;300;40,842;75;4,328767;3;21;1,441775
36;Arcade;ArcadeCar-2199934;2075;17;17;41,49559;300;35,55251;75;8,373953;2;19;1,593062
37;Arcade;ArcadeCar-2199934;1952;17;17;39,03996;300;38,15182;75;8,250083;1;19;1,62387
38;Arcade;ArcadeCar-2199934;1609;17;17;32,18329;300;45,06695;75;4,904534;1;18;0,024827
39;Arcade;ArcadeCar-2199934;1617;17;17;32,33819;300;44,09929;75;2,430359;1;19;0,1026094
40;Arcade;ArcadeCar-2199934;1750;17;17;35,0014;300;42,25999;75;8,232007;0;14;0
41;Arcade;ArcadeCar-2199934;2616;17;17;52,31812;300;27,88707;75;19,33998;3;20;17,11104
42;Arcade;ArcadeCar-2199934;875;7;17;300;300;42,00249;75;2,076446;1;20;0,1155594
43;Arcade;ArcadeCar-2199934;1745;17;17;34,89932;300;41,31057;75;4,942334;2;14;1,195464
44;Arcade;ArcadeCar-2199934;1994;17;17;39,87619;300;37,21832;75;8,731949;3;21;1,85343
45;Arcade;ArcadeCar-2199934;1680;17;17;33,60099;300;43,96484;75;5,951102;0;15;0
46;Arcade;ArcadeCar-2199934;1628;17;17;32,56278;300;44,18129;75;4,76434;0;21;0
47;Arcade;ArcadeCar-2199934;1742;17;17;34,83483;300;42,30476;75;6,028453;2;22;0,1636326
48;Arcade;ArcadeCar-2199934;1718;17;17;34,36471;300;42,29366;75;6,324315;2;17;0,1458838
49;Arcade;ArcadeCar-2199934;1708;17;17;34,16102;300;41,5447;75;3,527229;2;17;0,8773375
50;Arcade;ArcadeCar-2199934;1740;17;17;34,80049;300;41,45681;75;3,510822;3;23;0,3373518
0;Arcade;ArcadeCar-2299923;1977;17;17;39,53817;300;36,36503;75;4,990407;4;20;2,409434
1;Arcade;ArcadeCar-2299923;1678;17;17;33,55808;300;42,50449;75;3,253639;2;21;0,2205048
2;Arcade;ArcadeCar-2299923;2057;17;17;41,14006;300;34,54026;75;10,27267;4;22;1,141547
3;Arcade;ArcadeCar-2299923;2356;17;17;47,12344;300;30,33622;75;7,221468;6;22;9,028144
4;Arcade;ArcadeCar-2299923;1698;17;17;33,96037;300;42,65738;75;5,319731;2;21;0,5539733
5;Arcade;ArcadeCar-2299923;15000;2;17;300;300;1,293925;75;0,2601078;1;21;293,6977
6;Arcade;ArcadeCar-2299923;1560;17;17;31,1916;300;45,91888;75;4,462243;0;22;0
7;Arcade;ArcadeCar-2299923;1933;17;17;38,66266;300;37,43842;75;7,661726;3;18;2,392043
8;Arcade;ArcadeCar-2299923;1796;17;17;35,92066;300;40,34052;75;5,029188;3;17;1,055964
9;Arcade;ArcadeCar-2299923;1892;17;17;37,83591;300;38,3145;75;6,234222;3;21;2,928251
10;Arcade;ArcadeCar-2299923;3021;17;17;60,42393;300;24,12051;75;9,007168;4;16;18,20446
11;Arcade;ArcadeCar-2299923;1704;17;17;34,07962;300;42,76736;75;4,493539;3;17;0,1541506
12;Arcade;ArcadeCar-2299923;1876;17;17;37,51801;300;39,34952;75;4,659129;4;21;1,113038
13;Arcade;ArcadeCar-2299923;2162;17;17;43,24378;300;33,67828;75;5,145309;4;18;4,701915
14;Arcade;ArcadeCar-2299923;2231;17;17;44,61607;300;31,94752;75;13,01446;3;21;2,51205
15;Arcade;ArcadeCar-2299923;1994;17;17;39,87836;300;35,93136;75;9,296982;3;22;0,4786682
16;Arcade;ArcadeCar-2299923;2583;17;17;51,6609;300;28,71468;75;8,03635;3;18;12,90209
17;Arcade;ArcadeCar-2299923;1860;17;17;37,20304;300;39,21027;75;6,816662;1;19;0,7319624
18;Arcade;ArcadeCar-2299923;1765;17;17;35,29461;300;40,82241;75;4,25678;2;20;0,8965063
19;Arcade;ArcadeCar-2299923;2159;17;17;43,18701;300;33,74953;75;4,884129;4;25;3,193621
20;Arcade;ArcadeCar-2299923;1843;17;17;36,8529;300;39,26956;75;8,381614;1;20;0,0164302
21;Arcade;ArcadeCar-2299923;1822;17;17;36,44055;300;38,91382;75;4,047172;3;18;1,445674
22;Arcade;ArcadeCar-2299923;2043;17;17;40,86191;300;36,29704;75;6,98043;2;16;1,89826
23;Arcade;ArcadeCar-2299923;1620;17;17;32,403;300;44,33791;75;4,149618;1;19;0,0838052
24;Arcade;ArcadeCar-2299923;1997;17;17;39,94112;300;36,13272;75;6,231291;3;18;3,18061
25;Arcade;ArcadeCar-2299923;2577;17;17;51,53757;300;28,18686;75;20,09884;2;18;16,12965
26;Arcade;ArcadeCar-2299923;1941;17;17;38,37473;300;37,9293;75;6,384474;3;20;1,025188
27;Arcade;ArcadeCar-2299923;2008;17;17;40,51841;300;36,4418;75;4,694674;3;21;3,239449
28;Arcade;ArcadeCar-2299923;2155;17;17;43,18953;300;33,54499;75;12,77252;3;18;6,752708
29;Arcade;ArcadeCar-2299923;2564;17;17;51,27688;300;27,99654;75;9,278358;7;22;6,736392
30;Arcade;ArcadeCar-2299923;2006;17;17;40,1212;300;35,78661;75;8,158222;2;17;1,803528
31;Arcade;ArcadeCar-2299923;1729;17;17;34,58083;300;41,95066;75;3,659525;2;18;0,4642705
32;Arcade;ArcadeCar-2299923;1646;17;17;32,91517;300;43,18808;75;4,114858;2;26;0,1048816
33;Arcade;ArcadeCar-2299923;1957;17;17;39,14025;300;37,07723;75;3,474601;4;18;2,047091
34;Arcade;ArcadeCar-2299923;1837;17;17;36,74158;300;39,85907;75;5,780753;2;20;0,2519878
35;Arcade;ArcadeCar-2299923;1793;17;17;35,553;300;40,4855;75;4,175444;2;14;1,183374
36;Arcade;ArcadeCar-2299923;1730;17;17;34,90575;300;41,56682;75;4,219103;1;16;1,03451
37;Arcade;ArcadeCar-2299923;2039;17;17;40,78496;300;35,95816;75;4,758622;2;18;4,942785
38;Arcade;ArcadeCar-2299923;1765;17;17;35,29451;300;40,77653;75;3,52956;2;16;2,72105
39;Arcade;ArcadeCar-2299923;2063;17;17;40,70055;300;35,25903;75;7,242544;3;22;3,398124
40;Arcade;ArcadeCar-2299923;1804;17;17;36,6425;300;39,2108;75;6,986416;2;19;0,8202251
41;Arcade;ArcadeCar-2299923;1844;17;17;36,87952;300;39,48681;75;7,215868;3;21;0,1165188
42;Arcade;ArcadeCar-2299923;1641;17;17;32,82239;300;43,55194;75;2,898508;1;19;0,0598286
43;Arcade;ArcadeCar-2299923;2081;17;17;41,62079;300;35,1948;75;3,479683;4;21;4,246294
44;Arcade;ArcadeCar-2299923;1857;17;17;36,95351;300;38,52045;75;3,664256;4;21;1,483665
45;Arcade;ArcadeCar-2299923;1953;17;17;38,68631;300;36,09426;75;12,10307;1;20;1,27108
46;Arcade;ArcadeCar-2299923;2343;17;17;47,41943;300;31,48157;75;6,272024;5;23;7,065439
47;Arcade;ArcadeCar-2299923;2078;17;17;41,55843;300;35,07775;75;5,640238;4;20;4,418766
48;Arcade;ArcadeCar-2299923;1632;17;17;32,6356;300;43,94012;75;2,221994;2;19;0,1713274
49;Arcade;ArcadeCar-2299923;1640;17;17;32,80485;300;44,39828;75;5,143291;0;20;0
50;Arcade;ArcadeCar-2299923;893;8;17;300;300;47,07619;75;4,296717;0;18;0
0;Arcade;ArcadeCar-2399965;1926;17;17;38,51435;300;37,86113;75;6,659285;3;20;1,330831
1;Arcade;ArcadeCar-2399965;1808;17;17;36,16349;300;39,90713;75;5,191527;3;17;0,3157918
2;Arcade;ArcadeCar-2399965;1632;17;17;32,64073;300;43,88405;75;2,184911;2;18;0,2240812
3;Arcade;ArcadeCar-2399965;2283;17;17;45,65563;300;33,05463;75;10,77228;6;23;4,572314
4;Arcade;ArcadeCar-2399965;3850;17;17;77,00328;300;19,27232;75;5,787169;5;20;37,70103
5;Arcade;ArcadeCar-2399965;803;7;17;300;300;45,59485;75;2,157064;0;17;0
6;Arcade;ArcadeCar-2399965;1783;17;17;35,66095;300;41,47626;75;5,370795;2;16;1,825077
7;Arcade;ArcadeCar-2399965;1985;17;17;39,69846;300;36,392;75;3,672087;2;22;5,709034
8;Arcade;ArcadeCar-2399965;1891;17;17;37,81784;300;38,3934;75;6,363719;2;20;0,312355
9;Arcade;ArcadeCar-2399965;2796;17;17;55,91828;300;25,76038;75;23,22038;3;20;22,01834
10;Arcade;ArcadeCar-2399965;1923;17;17;38,46043;300;37,51801;75;9,433731;1;18;0,9398495
11;Arcade;ArcadeCar-2399965;1573;17;17;31,46527;300;45,83403;75;4,110715;0;21;0
12;Arcade;ArcadeCar-2399965;1994;17;17;39,87815;300;36,77129;75;4,545434;3;23;2,808078
13;Arcade;ArcadeCar-2399965;1979;17;17;39,5822;300;36,64576;75;6,280929;2;20;2,490254
14;Arcade;ArcadeCar-2399965;2299;17;17;45,97586;300;31,3607;75;3,01001;4;24;9,580504
15;Arcade;ArcadeCar-2399965;2007;17;17;40,141;300;35,30524;75;9,260478;1;21;1,617408
16;Arcade;ArcadeCar-2399965;1978;17;17;39,55751;300;36,37732;75;4,26299;3;22;2,130142
17;Arcade;ArcadeCar-2399965;1908;17;17;38,16225;300;37,71155;75;8,749384;2;19;2,269177
18;Arcade;ArcadeCar-2399965;1963;17;17;39,25783;300;37,9593;75;5,443347;2;17;2,427154
19;Arcade;ArcadeCar-2399965;2116;17;17;42,32074;300;33,21002;75;11,61189;4;16;1,559185
20;Arcade;ArcadeCar-2399965;1648;17;17;32,96133;300;42,98432;75;5,023847;0;19;0
21;Arcade;ArcadeCar-2399965;1567;17;17;30,69617;300;45,49508;75;4,92495;0;21;0
22;Arcade;ArcadeCar-2399965;1890;17;17;38,44744;300;38,45134;75;5,533136;2;24;1,522921
23;Arcade;ArcadeCar-2399965;1753;17;17;35,05995;300;41,47588;75;3,078869;3;21;1,342906
24;Arcade;ArcadeCar-2399965;2014;17;17;40,27813;300;36,47091;75;6,155168;3;25;2,342107
25;Arcade;ArcadeCar-2399965;4684;17;17;93,67937;300;15,6917;75;3,839944;1;18;60,57301
26;Arcade;ArcadeCar-2399965;1795;17;17;35,77015;300;39,91813;75;3,993916;2;17;1,803228
27;Arcade;ArcadeCar-2399965;2146;17;17;43,05017;300;33,24138;75;7,448899;4;23;3,743795
28;Arcade;ArcadeCar-2399965;1961;17;17;39,21858;300;37,10278;75;4,396373;3;20;2,850563
29;Arcade;ArcadeCar-2399965;1625;17;17;32,50237;300;43,98426;75;4,769169;1;21;0,07316061
30;Arcade;ArcadeCar-2399965;1767;17;17;34,86769;300;40,47468;75;3,192619;2;18;1,254898
31;Arcade;ArcadeCar-2399965;1862;17;17;37,71298;300;38,64244;75;6,252906;2;23;1,37402
32;Arcade;ArcadeCar-2399965;1618;17;17;32,35466;300;43,68946;75;4,551863;2;18;0,09249639
33;Arcade;ArcadeCar-2399965;1930;17;17;38,59994;300;38,16241;75;5,707092;4;16;2,256623
34;Arcade;ArcadeCar-2399965;1957;17;17;39,14213;300;36,44422;75;9,523793;2;19;0,6137912
35;Arcade;ArcadeCar-2399965;878;7;17;300;300;41,77716;75;4,241255;2;19;0,02276801
36;Arcade;ArcadeCar-2399965;2027;17;17;40,99995;300;36,02914;75;9,815674;2;18;1,843207
37;Arcade;ArcadeCar-2399965;1982;17;17;39,6465;300;35,79814;75;7,381287;3;19;1,617525
38;Arcade;ArcadeCar-2399965;1947;17;17;38,93909;300;36,96494;75;5,166418;4;21;3,923026
39;Arcade;ArcadeCar-2399965;1872;17;17;37,43755;300;38,175;75;5,442157;4;23;1,636555
40;Arcade;ArcadeCar-2399965;1760;17;17;35,20197;300;40,82513;75;5,920392;2;20;0,7596135
41;Arcade;ArcadeCar-2399965;1574;17;17;31,47586;300;45,69171;75;3,25888;1;20;0,09867601
42;Arcade;ArcadeCar-2399965;1765;17;17;35,30167;300;40,20824;75;4,086791;3;23;1,837355
43;Arcade;ArcadeCar-2399965;1764;17;17;35,28131;300;41,59184;75;4,435631;2;19;0,1634988
44;Arcade;ArcadeCar-2399965;1922;17;17;38,43651;300;38,34839;75;6,483743;4;22;2,748608
45;Arcade;ArcadeCar-2399965;1740;17;17;34,8014;300;41,76341;75;4,272804;2;19;1,129468
46;Arcade;ArcadeCar-2399965;2434;17;17;48,68209;300;29,10738;75;2,615682;3;18;14,73069
47;Arcade;ArcadeCar-2399965;1845;17;17;36,89877;300;38,86087;75;2,169158;3;19;2,543258
48;Arcade;ArcadeCar-2399965;1775;17;17;35,49963;300;40,08324;75;6,314657;3;21;0,452783
49;Arcade;ArcadeCar-2399965;1970;17;17;39,4019;300;36,68653;75;6,168418;5;21;3,039248
50;Arcade;ArcadeCar-2399965;1844;17;17;36,87546;300;39,13579;75;7,574908;2;22;0,2752828
0;Arcade;ArcadeCar-2499999;1942;17;17;38,84294;300;37,66722;75;4,173485;4;16;1,756525
1;Arcade;ArcadeCar-2499999;2777;17;17;55,54019;300;26,36911;75;18,53426;5;18;15,49765
2;Arcade;ArcadeCar-2499999;1835;17;17;36,70223;300;39,54112;75;4,768628;5;21;1,879709
3;Arcade;ArcadeCar-2499999;2041;17;17;40,81654;300;35,51219;75;5,448388;6;19;1,573745
4;Arcade;ArcadeCar-2499999;1975;17;17;39,50389;300;36,22834;75;6,453595;2;17;3,214875
5;Arcade;ArcadeCar-2499999;1867;17;17;37,33541;300;39,36354;75;4,149683;1;23;2,425845
6;Arcade;ArcadeCar-2499999;2043;17;17;40,86402;300;35,01157;75;6,629159;6;22;1,704262
7;Arcade;ArcadeCar-2499999;1753;17;17;35,05505;300;41,89;75;6,045446;2;20;0,1691696
8;Arcade;ArcadeCar-2499999;1614;17;17;32,28276;300;44,53888;75;4,485258;0;19;0
9;Arcade;ArcadeCar-2499999;2044;17;17;40,87777;300;34,44772;75;10,87775;3;22;3,465035
10;Arcade;ArcadeCar-2499999;1835;17;17;36,69843;300;39,32689;75;5,731873;2;21;1,096457
11;Arcade;ArcadeCar-2499999;7128;17;17;142,5625;300;10,21792;75;114,3891;2;22;102,9241
12;Arcade;ArcadeCar-2499999;1745;17;17;34,89799;300;41,29279;75;3,365001;2;22;1,258116
13;Arcade;ArcadeCar-2499999;8655;17;17;173,0997;300;8,795843;75;5,479683;2;20;136,9041
14;Arcade;ArcadeCar-2499999;1774;17;17;35,48019;300;40,85383;75;4,317769;2;18;1,782037
15;Arcade;ArcadeCar-2499999;1653;17;17;33,0638;300;43,08271;75;4,411778;1;17;0,0153628
16;Arcade;ArcadeCar-2499999;1899;17;17;37,97972;300;37,44227;75;6,128819;2;19;2,130881
17;Arcade;ArcadeCar-2499999;2044;17;17;40,88058;300;35,25537;75;5,473151;5;20;1,81874
18;Arcade;ArcadeCar-2499999;1789;17;17;35,14738;300;41,33082;75;2,98143;1;19;1,522996
19;Arcade;ArcadeCar-2499999;1901;17;17;38,65093;300;37,587;75;6,62399;3;17;2,577693
20;Arcade;ArcadeCar-2499999;1765;17;17;35,30214;300;40,48473;75;5,170904;2;19;0,4185562
21;Arcade;ArcadeCar-2499999;1753;17;17;35,06087;300;41,84581;75;4,254452;2;20;1,157315
22;Arcade;ArcadeCar-2499999;2069;17;17;41,37397;300;34,12637;75;9,624181;3;21;1,882915
23;Arcade;ArcadeCar-2499999;1860;17;17;37,20479;300;39,28439;75;5,123668;3;24;2,191179
24;Arcade;ArcadeCar-2499999;1922;17;17;38,4401;300;36,58296;75;10,59258;2;18;1,040964
25;Arcade;ArcadeCar-2499999;1923;17;17;38,45618;300;36,69236;75;3,997073;3;22;2,080392
26;Arcade;ArcadeCar-2499999;2041;17;17;40,82372;300;35,83864;75;7,136633;2;16;2,323796
27;Arcade;ArcadeCar-2499999;1737;17;17;34,73883;300;41,39089;75;4,321235;1;20;1,396855
28;Arcade;ArcadeCar-2499999;1901;17;17;38,01793;300;39,05507;75;5,915482;4;24;0,5700393
29;Arcade;ArcadeCar-2499999;1830;17;17;36,59167;300;39,12822;75;6,915732;1;18;1,496719
30;Arcade;ArcadeCar-2499999;1636;17;17;32,73063;300;43,76983;75;4,323543;1;21;0,1252974
31;Arcade;ArcadeCar-2499999;2058;17;17;41,16095;300;34,9298;75;6,753933;4;20;2,450086
32;Arcade;ArcadeCar-2499999;2113;17;17;42,2499;300;34,42631;75;6,294432;6;22;5,661844
33;Arcade;ArcadeCar-2499999;1606;17;17;32,12427;300;44,54781;75;3,831087;0;15;0
34;Arcade;ArcadeCar-2499999;2006;17;17;40,12478;300;36,1019;75;3,476856;3;18;4,798238
35;Arcade;ArcadeCar-2499999;1835;17;17;36,70187;300;40,05523;75;5,588867;2;21;1,399085
36;Arcade;ArcadeCar-2499999;1578;17;17;31,55367;300;45,08731;75;4,146844;2;19;0,2834492
37;Arcade;ArcadeCar-2499999;1967;17;17;39,34241;300;36,9685;75;6,849533;4;18;1,641228
38;Arcade;ArcadeCar-2499999;1878;17;17;37,56265;300;38,24197;75;5,154133;3;19;2,238945
39;Arcade;ArcadeCar-2499999;1775;17;17;35,4963;300;41,05481;75;4,452344;2;19;1,2116
40;Arcade;ArcadeCar-2499999;2182;17;17;43,64559;300;33,04156;75;6,305262;5;22;3,279912
41;Arcade;ArcadeCar-2499999;1856;17;17;37,11258;300;38,96391;75;4,09043;3;23;1,773171
42;Arcade;ArcadeCar-2499999;1793;17;17;35,86566;300;39,40314;75;7,51954;2;22;0,9537739
43;Arcade;ArcadeCar-2499999;1998;17;17;39,95808;300;36,27311;75;5,151769;4;22;1,703964
44;Arcade;ArcadeCar-2499999;1573;17;17;31,46144;300;45,21925;75;4,34527;0;17;0
45;Arcade;ArcadeCar-2499999;1751;17;17;35,01892;300;40,90107;75;6,147334;2;19;1,198098
46;Arcade;ArcadeCar-2499999;1891;17;17;37,8195;300;36,9659;75;6,375033;4;21;1,386385
47;Arcade;ArcadeCar-2499999;1878;17;17;37,55573;300;37,77225;75;8,8285;1;18;1,919832
48;Arcade;ArcadeCar-2499999;2106;17;17;42,12359;300;35,10914;75;7,389213;2;18;2,716873
49;Arcade;ArcadeCar-2499999;1829;17;17;36,58149;300;38,98153;75;3,17631;3;20;1,358631
50;Arcade;ArcadeCar-2499999;1829;17;17;36,57561;300;38,57099;75;6,425292;2;18;1,011602
0;Arcade;ArcadeCar-2599968;2106;17;17;42,1217;300;33,56998;75;10,42466;2;20;2,167711
1;Arcade;ArcadeCar-2599968;1569;17;17;31,38197;300;45,54303;75;3,534923;1;20;0,0184092
2;Arcade;ArcadeCar-2599968;2105;17;17;42,09273;300;34,74818;75;4,736253;4;20;2,828792
3;Arcade;ArcadeCar-2599968;1934;17;17;38,68736;300;37,89892;75;5,720867;4;21;2,305741
4;Arcade;ArcadeCar-2599968;1816;17;17;36,32091;300;39,42882;75;3,297933;3;20;2,115582
5;Arcade;ArcadeCar-2599968;3558;17;17;71,15676;300;20,89503;75;6,552551;2;21;32,45608
6;Arcade;ArcadeCar-2599968;1788;17;17;35,76136;300;40,53838;75;6,345618;1;20;1,202441
7;Arcade;ArcadeCar-2599968;1611;17;17;32,21717;300;44,72993;75;3,729407;3;16;0,06474221
8;Arcade;ArcadeCar-2599968;1612;17;17;32,24117;300;43,98991;75;3,336843;2;16;0,3371606
9;Arcade;ArcadeCar-2599968;1680;17;17;33,5993;300;42,39661;75;2,807496;3;19;0,8618044
10;Arcade;ArcadeCar-2599968;920;8;17;300;300;45,44141;75;4,057899;0;21;0
11;Arcade;ArcadeCar-2599968;798;7;17;300;300;45,60586;75;2,217307;0;15;0
12;Arcade;ArcadeCar-2599968;1702;17;17;34,04049;300;42,16982;75;5,802389;1;20;0,7823317
13;Arcade;ArcadeCar-2599968;1946;17;17;38,91831;300;37,26297;75;12,97431;2;17;0,043245
14;Arcade;ArcadeCar-2599968;1819;17;17;36,38601;300;40,02461;75;3,59984;2;20;1,741328
15;Arcade;ArcadeCar-2599968;1767;17;17;35,33694;300;39,19748;75;10,09953;1;22;0,024829
16;Arcade;ArcadeCar-2599968;3591;17;17;71,81709;300;20,22112;75;2,158174;3;21;36,75956
17;Arcade;ArcadeCar-2599968;1771;17;17;35,42335;300;40,63504;75;6,076271;3;20;0,2545722
18;Arcade;ArcadeCar-2599968;1761;17;17;35,22218;300;40,55019;75;3,768084;2;17;0,6772821
19;Arcade;ArcadeCar-2599968;1925;17;17;38,49734;300;37,21746;75;4,384552;4;23;1,60048
20;Arcade;ArcadeCar-2599968;1898;17;17;37,95577;300;38,39097;75;7,35289;2;19;2,359146
21;Arcade;ArcadeCar-2599968;1733;17;17;34,6604;300;41,92854;75;7,497005;1;22;0,1242676
22;Arcade;ArcadeCar-2599968;2057;17;17;41,14486;300;34,61635;75;4,252031;4;21;3,755078
23;Arcade;ArcadeCar-2599968;1661;17;17;33,2146;300;42,53137;75;4,777022;1;19;0,2040402
24;Arcade;ArcadeCar-2599968;1695;17;17;33,90111;300;42,34457;75;5,208122;2;23;0,1588974
25;Arcade;ArcadeCar-2599968;1844;17;17;36,85777;300;38,51344;75;4,040322;4;18;1,193444
26;Arcade;ArcadeCar-2599968;1863;17;17;37,28708;300;39,05037;75;6,185258;2;19;1,431859
27;Arcade;ArcadeCar-2599968;1671;17;17;33,42082;300;42,90722;75;3,361019;1;23;0,901846
28;Arcade;ArcadeCar-2599968;1804;17;17;36,0756;300;40,26732;75;4,057807;2;22;1,537032
29;Arcade;ArcadeCar-2599968;1604;17;17;32,07917;300;44,83286;75;3,06204;1;21;0,0172842
30;Arcade;ArcadeCar-2599968;1786;17;17;35,72018;300;40,61168;75;3,559814;4;20;0,6909295
31;Arcade;ArcadeCar-2599968;2691;17;17;53,81936;300;26,76678;75;20,6039;4;22;1,840253
32;Arcade;ArcadeCar-2599968;1802;17;17;36,04514;300;39,8943;75;4,806418;3;20;1,751619
33;Arcade;ArcadeCar-2599968;1779;17;17;35,57519;300;39,69763;75;5,774898;1;19;1,503817
34;Arcade;ArcadeCar-2599968;1637;17;17;32,74075;300;44,25686;75;5,790723;0;17;0
35;Arcade;ArcadeCar-2599968;1745;17;17;34,64178;300;41,04782;75;5,201473;2;18;1,096788
36;Arcade;ArcadeCar-2599968;1677;17;17;33,7972;300;43,43391;75;2,62648;1;15;0,2329422
37;Arcade;ArcadeCar-2599968;2154;17;17;43,07852;300;33,42622;75;5,905057;6;20;5,050287
38;Arcade;ArcadeCar-2599968;2459;17;17;49,1832;300;28,92252;75;11,06815;7;20;3,346419
39;Arcade;ArcadeCar-2599968;4551;17;17;91,02203;300;16,05726;75;3,79794;5;22;56,37488
40;Arcade;ArcadeCar-2599968;1803;17;17;36,05773;300;40,33882;75;6,823842;2;20;0,2653748
41;Arcade;ArcadeCar-2599968;1687;17;17;33,73856;300;42,57579;75;3,175912;2;18;0,1342418
42;Arcade;ArcadeCar-2599968;1754;17;17;35,08352;300;41,50509;75;5,707258;2;20;0,1599148
43;Arcade;ArcadeCar-2599968;1877;17;17;37,53978;300;37,2849;75;5,683528;4;20;2,058302
44;Arcade;ArcadeCar-2599968;1915;17;17;38,30061;300;38,29276;75;5,529;3;23;0,8474452
45;Arcade;ArcadeCar-2599968;1688;17;17;33,75517;300;41,99968;75;4,955998;1;19;1,018972
46;Arcade;ArcadeCar-2599968;2282;17;17;45,64533;300;31,81994;75;10,41711;3;19;6,824358
47;Arcade;ArcadeCar-2599968;1753;17;17;35,05911;300;41,24517;75;3,350209;2;17;1,192836
48;Arcade;ArcadeCar-2599968;1706;17;17;34,12258;300;41,68604;75;6,173552;1;20;0,1980232
49;Arcade;ArcadeCar-2599968;1769;17;17;35,37793;300;40,10229;75;5,781054;2;19;0,8505854
50;Arcade;ArcadeCar-2599968;3422;17;17;68,41274;300;21,28525;75;34,66969;4;17;27,92549
0;Arcade;ArcadeCar-2699953;1722;17;17;34,4639;300;42,56125;75;4,427915;3;14;1,072129
1;Arcade;ArcadeCar-2699953;1029;8;17;300;300;40,92499;75;6,248232;2;18;0,149012
2;Arcade;ArcadeCar-2699953;2258;17;17;45,08628;300;31,32367;75;9,555045;3;19;5,108404
3;Arcade;ArcadeCar-2699953;2014;17;17;40,34914;300;35,91898;75;4,789859;2;18;5,070769
4;Arcade;ArcadeCar-2699953;1858;17;17;37,16739;300;38,08486;75;4,045046;4;22;1,03557
5;Arcade;ArcadeCar-2699953;1864;17;17;37,27558;300;38,12737;75;5,943775;3;21;3,086578
6;Arcade;ArcadeCar-2699953;1709;17;17;34,18234;300;42,2921;75;3,968945;3;24;0,3941264
7;Arcade;ArcadeCar-2699953;2104;17;17;42,07702;300;34,51918;75;9,389666;3;18;3,35511
8;Arcade;ArcadeCar-2699953;1718;17;17;34,36021;300;41,48853;75;2,106701;2;23;0,6472778
9;Arcade;ArcadeCar-2699953;1894;17;17;37,87783;300;37,63735;75;8,301885;2;20;1,162352
10;Arcade;ArcadeCar-2699953;1589;17;17;31,78136;300;44,92941;75;4,446208;1;19;0
11;Arcade;ArcadeCar-2699953;2120;17;17;42,40365;300;33,5907;75;7,301418;5;22;2,651658
12;Arcade;ArcadeCar-2699953;1878;17;17;37,55728;300;38,36684;75;4,453512;3;18;1,352697
13;Arcade;ArcadeCar-2699953;1782;17;17;35,63916;300;39,43432;75;4,557734;4;24;1,152127
14;Arcade;ArcadeCar-2699953;1688;17;17;33,76625;300;42,31784;75;4,213515;3;23;0,7712209
15;Arcade;ArcadeCar-2699953;1974;17;17;39,47683;300;37,33958;75;5,399634;3;25;1,720767
16;Arcade;ArcadeCar-2699953;1956;17;17;39,12161;300;37,39188;75;8,483068;3;19;2,527104
17;Arcade;ArcadeCar-2699953;1717;17;17;34,33538;300;41,66375;75;3,17802;3;22;1,477956
18;Arcade;ArcadeCar-2699953;14999;10;17;300;300;3,41477;75;275,9622;3;18;277,0267
19;Arcade;ArcadeCar-2699953;1768;17;17;35,34528;300;41,23214;75;5,774982;2;21;0,4197084
20;Arcade;ArcadeCar-2699953;953;7;17;300;300;36,86861;75;2,749157;2;22;1,028007
21;Arcade;ArcadeCar-2699953;1859;17;17;37,17736;300;38,32181;75;6,092554;3;21;1,711215
22;Arcade;ArcadeCar-2699953;2166;17;17;43,31916;300;34,05418;75;6,658508;5;21;3,81952
23;Arcade;ArcadeCar-2699953;1821;17;17;36,41555;300;39,57382;75;4,267058;2;18;1,088627
24;Arcade;ArcadeCar-2699953;939;7;17;300;300;38,37281;75;3,307352;1;22;0,4978485
25;Arcade;ArcadeCar-2699953;1999;17;17;39,98313;300;36,12447;75;5,156749;4;22;2,231358
26;Arcade;ArcadeCar-2699953;1664;17;17;33,28075;300;42,41711;75;4,622618;3;21;0,2057024
27;Arcade;ArcadeCar-2699953;2042;17;17;40,84391;300;35,14374;75;12,9898;3;23;1,336653
28;Arcade;ArcadeCar-2699953;1919;17;17;38,37558;300;38,51441;75;5,788701;3;21;2,484411
29;Arcade;ArcadeCar-2699953;919;7;17;300;300;40,06911;75;2,179097;1;21;1,081138
30;Arcade;ArcadeCar-2699953;1645;16;17;32,90147;300;44,00402;75;6,176816;2;22;0,146223
31;Arcade;ArcadeCar-2699953;1885;17;17;37,70203;300;38,34051;75;3,317993;3;17;2,091402
32;Arcade;ArcadeCar-2699953;1885;17;17;37,69319;300;39,23593;75;6,151892;4;21;1,407481
33;Arcade;ArcadeCar-2699953;2044;17;17;40,88354;300;35,54324;75;4,530614;2;20;6,36603
34;Arcade;ArcadeCar-2699953;1690;17;17;33,79908;300;42,92107;75;4,591725;2;23;0,2658216
35;Arcade;ArcadeCar-2699953;2028;17;17;40,56573;300;35,50299;75;5,632829;4;21;2,371093
36;Arcade;ArcadeCar-2699953;1841;17;17;36,81853;300;38,77489;75;3,652847;4;19;3,432777
37;Arcade;ArcadeCar-2699953;2481;17;17;49,61984;300;29,56045;75;11,88387;5;21;4,790639
38;Arcade;ArcadeCar-2699953;905;8;17;300;300;47,42946;75;4,4181;0;19;0
39;Arcade;ArcadeCar-2699953;1963;17;17;39,26248;300;37,79042;75;5,905645;4;19;2,80299
40;Arcade;ArcadeCar-2699953;1859;17;17;37,18327;300;38,5912;75;5,474394;2;19;0,9666227
41;Arcade;ArcadeCar-2699953;1753;17;17;35,05844;300;42,31735;75;4,724733;3;19;0,1855854
42;Arcade;ArcadeCar-2699953;1654;17;17;33,07996;300;43,00215;75;5,211617;1;21;0,07799381
43;Arcade;ArcadeCar-2699953;1534;17;17;30,67464;300;46,3899;75;2,393146;0;19;0
44;Arcade;ArcadeCar-2699953;1736;17;17;34,71991;300;41,69423;75;6,132275;2;19;0,2170004
45;Arcade;ArcadeCar-2699953;1939;17;17;38,77701;300;37,0492;75;5,976649;4;24;1,035611
46;Arcade;ArcadeCar-2699953;1769;17;17;35,38953;300;40,62694;75;4,778309;3;15;1,383795
47;Arcade;ArcadeCar-2699953;1897;17;17;37,9301;300;37,12555;75;7,030775;2;25;1,37632
48;Arcade;ArcadeCar-2699953;1695;17;17;33,90906;300;42,39952;75;5,488389;3;20;0,1026814
49;Arcade;ArcadeCar-2699953;2045;17;17;40,89396;300;34,89237;75;5,798376;4;18;2,911867
50;Arcade;ArcadeCar-2699953;1631;17;17;32,62128;300;44,21019;75;2,29863;2;17;0,6763884
0;Arcade;ArcadeCar-2799919;1921;17;17;38,41976;300;37,70132;75;4,845107;5;20;3,456992
1;Arcade;ArcadeCar-2799919;1752;17;17;35,03741;300;41,01268;75;3,045745;2;20;0,9338635
2;Arcade;ArcadeCar-2799919;1796;17;17;35,92799;300;39,508;75;2,827228;3;19;1,917784
3;Arcade;ArcadeCar-2799919;1733;17;17;34,65997;300;42,37156;75;4,852601;1;23;0,645209
4;Arcade;ArcadeCar-2799919;1885;17;17;37,68872;300;37,31841;75;6,343412;4;22;1,110743
5;Arcade;ArcadeCar-2799919;1997;17;17;39,94685;300;35,73367;75;7,086142;4;18;2,504589
6;Arcade;ArcadeCar-2799919;1868;17;17;37,36545;300;38,66969;75;4,951924;3;23;1,301744
7;Arcade;ArcadeCar-2799919;2307;17;17;46,13223;300;31,37718;75;8,619862;6;19;4,022602
8;Arcade;ArcadeCar-2799919;1811;17;17;36,2261;300;39,68931;75;3,051674;3;16;1,343523
9;Arcade;ArcadeCar-2799919;2013;17;17;40,25741;300;36,46161;75;11,25611;1;18;0,1593002
10;Arcade;ArcadeCar-2799919;1989;17;17;39,77039;300;36,15493;75;5,405455;4;18;2,631289
11;Arcade;ArcadeCar-2799919;1726;17;17;34,52971;300;40,86818;75;4,397223;5;24;0,6439083
12;Arcade;ArcadeCar-2799919;1561;17;17;31,21566;300;45,45426;75;2,796493;2;18;0,1563164
13;Arcade;ArcadeCar-2799919;1714;16;17;34,28091;300;42,14091;75;4,821257;2;19;0,6795537
14;Arcade;ArcadeCar-2799919;1655;17;17;33,10587;300;42,69576;75;5,588169;1;18;0,0879734
15;Arcade;ArcadeCar-2799919;2044;17;17;40,87736;300;34,37347;75;11,16591;3;24;1,248048
16;Arcade;ArcadeCar-2799919;13789;17;17;275,7794;300;5,592513;75;6,284883;6;22;237,1971
17;Arcade;ArcadeCar-2799919;1903;17;17;38,06117;300;38,3055;75;6,626954;4;21;0,287974
18;Arcade;ArcadeCar-2799919;1921;17;17;38,41924;300;37,56419;75;5,587038;4;20;1,403508
19;Arcade;ArcadeCar-2799919;1986;17;17;39,7245;300;35,69271;75;7,891855;2;17;1,87377
20;Arcade;ArcadeCar-2799919;1914;17;17;38,27456;300;37,37312;75;4,753779;2;18;2,582494
21;Arcade;ArcadeCar-2799919;2057;17;17;41,13963;300;35,60952;75;6,070774;3;19;3,069723
22;Arcade;ArcadeCar-2799919;1599;17;17;31,98285;300;44,75315;75;4,116636;1;21;0,04407021
23;Arcade;ArcadeCar-2799919;2300;17;17;45,99765;300;31,67526;75;5,093244;3;22;8,202184
24;Arcade;ArcadeCar-2799919;3687;17;17;73,73855;300;19,98687;75;5,320285;4;17;38,48862
25;Arcade;ArcadeCar-2799919;2867;17;17;57,34569;300;25,43021;75;8,853068;5;21;14,23676
26;Arcade;ArcadeCar-2799919;1999;17;17;39,97441;300;36,49006;75;3,420938;8;20;2,649495
27;Arcade;ArcadeCar-2799919;1774;17;17;35,48552;300;40,89899;75;3,762406;4;22;0,7824243
28;Arcade;ArcadeCar-2799919;2148;17;17;42,96123;300;32,56195;75;10,74033;5;22;3,950028
29;Arcade;ArcadeCar-2799919;1699;17;17;33,97509;300;43,39125;75;4,055879;1;21;1,033661
30;Arcade;ArcadeCar-2799919;1820;17;17;36,39783;300;39,4681;75;7,443994;2;23;0,44937
31;Arcade;ArcadeCar-2799919;1787;17;17;35,74204;300;39,67184;75;4,294198;3;17;1,341252
32;Arcade;ArcadeCar-2799919;2091;17;17;41,82184;300;34,37347;75;5,57794;5;25;3,943822
33;Arcade;ArcadeCar-2799919;1921;17;17;38,41592;300;37,10815;75;7,745649;3;15;1,91481
34;Arcade;ArcadeCar-2799919;2869;17;17;57,38171;300;26,16215;75;5,917637;3;24;20,92353
35;Arcade;ArcadeCar-2799919;2384;17;17;47,68449;300;29,59341;75;5,983059;4;19;8,489109
36;Arcade;ArcadeCar-2799919;2330;17;17;46,60032;300;31,66943;75;9,768965;5;20;5,371163
37;Arcade;ArcadeCar-2799919;1754;17;17;35,07977;300;40,97104;75;4,239461;3;18;1,122162
38;Arcade;ArcadeCar-2799919;1785;17;17;35,70083;300;40,79966;75;5,207239;2;23;0,3513486
39;Arcade;ArcadeCar-2799919;2677;17;17;53,53974;300;26,20194;75;19,80363;3;24;6,703185
40;Arcade;ArcadeCar-2799919;1899;17;17;37,97783;300;37,32878;75;3,459314;5;18;1,944414
41;Arcade;ArcadeCar-2799919;1825;17;17;36,50018;300;40,00118;75;4,253219;2;18;0,8703157
42;Arcade;ArcadeCar-2799919;1601;17;17;32,01686;300;45,03295;75;4,760188;0;18;0
43;Arcade;ArcadeCar-2799919;1816;17;17;36,32237;300;39,94123;75;5,192524;2;20;1,983861
44;Arcade;ArcadeCar-2799919;1904;17;17;38,07302;300;37,99471;75;7,533613;1;23;2,277213
45;Arcade;ArcadeCar-2799919;2085;17;17;41,7073;300;34,38562;75;10,76977;3;17;2,604675
46;Arcade;ArcadeCar-2799919;1790;17;17;35,79661;300;40,0988;75;5,941243;1;16;0,819613
47;Arcade;ArcadeCar-2799919;1905;17;17;38,09952;300;38,20784;75;7,99812;4;21;1,216067
48;Arcade;ArcadeCar-2799919;1941;17;17;38,82309;300;37,07782;75;6,088463;2;22;1,711753
49;Arcade;ArcadeCar-2799919;1942;17;17;38,83868;300;37,83561;75;7,051119;3;24;2,391953
50;Arcade;ArcadeCar-2799919;2280;17;17;45,60098;300;31,82634;75;4,035375;3;20;10,2825
0;Arcade;ArcadeCar-2899996;1564;17;17;31,27719;300;46,04307;75;2,412927;0;19;0
1;Arcade;ArcadeCar-2899996;2413;17;17;48,2636;300;31,0073;75;5,303482;4;19;8,932211
2;Arcade;ArcadeCar-2899996;2021;17;17;40,41873;300;36,16578;75;6,429577;4;22;4,214549
3;Arcade;ArcadeCar-2899996;2019;17;17;40,37634;300;35,59744;75;7,408066;4;20;3,474025
4;Arcade;ArcadeCar-2899996;2003;17;17;40,06227;300;35,56056;75;8,196961;5;24;2,230459
5;Arcade;ArcadeCar-2899996;1754;17;17;35,08461;300;40,8403;75;4,144184;4;13;0,9440153
6;Arcade;ArcadeCar-2899996;1870;17;17;37,39509;300;38,73149;75;7,315907;3;22;1,976152
7;Arcade;ArcadeCar-2899996;1850;17;17;36,99832;300;39,38931;75;5,368281;4;19;1,549897
8;Arcade;ArcadeCar-2899996;1822;17;17;36,4342;300;39,33823;75;7,569819;3;21;0,2860884
9;Arcade;ArcadeCar-2899996;1892;17;17;37,84737;300;37,62717;75;4,385814;5;16;1,903584
10;Arcade;ArcadeCar-2899996;1644;17;17;32,88253;300;43,84108;75;3,251319;2;20;0,5755461
11;Arcade;ArcadeCar-2899996;2185;17;17;43,69726;300;33,04633;75;5,550391;6;24;3,603926
12;Arcade;ArcadeCar-2899996;1704;17;17;34,08531;300;41,62587;75;3,508757;2;15;1,003067
13;Arcade;ArcadeCar-2899996;1850;17;17;36,99587;300;38,59534;75;4,051123;4;21;2,166018
14;Arcade;ArcadeCar-2899996;2084;17;17;41,67423;300;34,59506;75;4,874669;4;21;3,862128
15;Arcade;ArcadeCar-2899996;1726;17;17;34,52958;300;41,92659;75;3,818373;2;17;1,237263
16;Arcade;ArcadeCar-2899996;1690;17;17;33,78642;300;41,60568;75;6,630962;1;18;0,0384424
17;Arcade;ArcadeCar-2899996;1853;17;17;37,0702;300;39,55508;75;6,926671;2;15;0,7538387
18;Arcade;ArcadeCar-2899996;1635;17;17;32,70067;300;43,92543;75;4,229346;1;17;0,1807796
19;Arcade;ArcadeCar-2899996;1623;17;17;32,45854;300;44,9555;75;4,149182;1;22;0,019404
20;Arcade;ArcadeCar-2899996;2135;17;17;42,698;300;33,10674;75;8,342091;5;21;2,616531
21;Arcade;ArcadeCar-2899996;886;7;17;300;300;41,10565;75;2,560101;1;19;0,9996516
22;Arcade;ArcadeCar-2899996;1994;17;17;39,87689;300;36,28504;75;4,238592;2;19;6,03627
23;Arcade;ArcadeCar-2899996;1756;17;17;35,12212;300;40,60365;75;7,004286;2;18;0,9795206
24;Arcade;ArcadeCar-2899996;1920;17;17;38,39814;300;36,95802;75;4,639476;4;18;2,167141
25;Arcade;ArcadeCar-2899996;801;7;17;300;300;44,02335;75;2,659809;1;21;0,09667479
26;Arcade;ArcadeCar-2899996;1878;17;17;37,55788;300;38,62138;75;6,008979;4;18;1,099887
27;Arcade;ArcadeCar-2899996;1764;17;17;35,28361;300;40,33502;75;3,5819;4;24;1,390365
28;Arcade;ArcadeCar-2899996;1606;16;17;32,11381;300;45,1844;75;4,877017;2;21;0,1032898
29;Arcade;ArcadeCar-2899996;1933;17;17;38,66452;300;36,8741;75;7,392547;2;22;0,6817713
30;Arcade;ArcadeCar-2899996;1772;17;17;35,43717;300;40,85188;75;2,688268;3;21;1,250766
31;Arcade;ArcadeCar-2899996;1998;17;17;39,95601;300;35,1324;75;5,802876;3;21;2,687421
32;Arcade;ArcadeCar-2899996;2210;17;17;44,20667;300;32,87664;75;9,329383;4;18;2,108955
33;Arcade;ArcadeCar-2899996;1669;17;17;33,38039;300;43,35742;75;6,840836;0;11;0
34;Arcade;ArcadeCar-2899996;1972;17;17;39,43383;300;36,11152;75;6,440866;4;22;0,9160755
35;Arcade;ArcadeCar-2899996;1729;17;17;34,58112;300;41,60181;75;4,708554;2;19;0,1040632
36;Arcade;ArcadeCar-2899996;1810;17;17;36,20522;300;40,02448;75;5,028973;3;20;1,56218
37;Arcade;ArcadeCar-2899996;1859;17;17;37,18046;300;39,04501;75;3,407238;3;22;2,24513
38;Arcade;ArcadeCar-2899996;3557;17;17;71,14072;300;20,54017;75;7,29781;5;22;28,65131
39;Arcade;ArcadeCar-2899996;2009;17;17;40,17965;300;36,60545;75;5,827873;4;19;2,416504
40;Arcade;ArcadeCar-2899996;2042;17;17;40,8387;300;33,7585;75;8,121189;5;20;1,673712
41;Arcade;ArcadeCar-2899996;1691;17;17;33,80346;300;42,71991;75;3,68318;1;18;0,1840104
42;Arcade;ArcadeCar-2899996;1850;17;17;37,01495;300;39,75753;75;6,058034;2;18;2,328123
43;Arcade;ArcadeCar-2899996;1901;17;17;38,02082;300;38,55866;75;5,513582;3;19;0,8176176
44;Arcade;ArcadeCar-2899996;1915;17;17;38,30215;300;37,69133;75;3,785988;5;17;2,837458
45;Arcade;ArcadeCar-2899996;1723;17;17;34,46007;300;41,67902;75;5,07216;2;21;0,04151361
46;Arcade;ArcadeCar-2899996;1777;17;17;35,53232;300;41,09066;75;3,834728;4;22;0,9365518
47;Arcade;ArcadeCar-2899996;1662;17;17;33,24342;300;43,07363;75;3,529269;3;17;0,5322238
48;Arcade;ArcadeCar-2899996;1657;17;17;33,13832;300;42,86427;75;4,2744;2;21;0,1561944
49;Arcade;ArcadeCar-2899996;2012;17;17;40,2392;300;35,66769;75;7,996382;4;20;2,484667
50;Arcade;ArcadeCar-2899996;1794;17;17;35,88118;300;40,49202;75;4,248845;3;20;0,1049438
0;Arcade;ArcadeCar-3000019;1854;17;17;37,08414;300;39,32024;75;4,259215;3;21;1,457017
1;Arcade;ArcadeCar-3000019;2047;17;17;40,93705;300;35,66498;75;5,281679;4;20;3,673791
2;Arcade;ArcadeCar-3000019;1839;17;17;36,77827;300;38,35175;75;3,276472;3;21;3,242141
3;Arcade;ArcadeCar-3000019;930;8;17;300;300;42,53366;75;4,562568;0;20;0
4;Arcade;ArcadeCar-3000019;1734;17;17;34,68029;300;41,45792;75;5,031375;1;23;1,296292
5;Arcade;ArcadeCar-3000019;1723;17;17;34,46013;300;41,91677;75;3,682961;3;16;0,7092598
6;Arcade;ArcadeCar-3000019;1638;17;17;32,76002;300;43,07376;75;3,453233;1;22;0,5045066
7;Arcade;ArcadeCar-3000019;1757;17;17;35,12915;300;40,90202;75;5,961774;1;23;0,378646
8;Arcade;ArcadeCar-3000019;2000;17;17;40,00772;300;35,40084;75;9,7551;3;18;3,286029
9;Arcade;ArcadeCar-3000019;2226;17;17;44,52257;300;32,58619;75;8,026081;4;20;4,568336
10;Arcade;ArcadeCar-3000019;1874;17;17;37,48134;300;39,4867;75;4,614105;3;19;1,438683
11;Arcade;ArcadeCar-3000019;2032;17;17;40,63642;300;35,49346;75;5,510664;4;17;4,786122
12;Arcade;ArcadeCar-3000019;9191;17;17;183,8245;300;8,387649;75;154,8361;4;21;148,2962
13;Arcade;ArcadeCar-3000019;1673;17;17;33,45979;300;42,73362;75;4,249178;3;20;0,15877
14;Arcade;ArcadeCar-3000019;1929;17;17;38,57645;300;36,44384;75;3,088296;6;21;2,677726
15;Arcade;ArcadeCar-3000019;1995;17;17;39,89275;300;36,32232;75;5,024074;3;18;2,589892
16;Arcade;ArcadeCar-3000019;1644;17;17;32,88859;300;43,48988;75;3,949001;3;18;0,1764254
17;Arcade;ArcadeCar-3000019;1768;17;17;35,35729;300;41,73331;75;5,88575;2;21;0,4148792
18;Arcade;ArcadeCar-3000019;2308;17;17;46,16128;300;30,89931;75;7,770144;4;20;10,85269
19;Arcade;ArcadeCar-3000019;1961;17;17;39,2212;300;36,51054;75;4,660656;4;18;3,016637
20;Arcade;ArcadeCar-3000019;1772;17;17;35,44183;300;41,74743;75;6,396374;2;20;1,264489
21;Arcade;ArcadeCar-3000019;1968;17;17;39,35847;300;36,0736;75;6,275631;3;18;1,586454
22;Arcade;ArcadeCar-3000019;1720;17;17;34,39742;300;41,66236;75;2,453668;4;21;0,7353117
23;Arcade;ArcadeCar-3000019;1790;17;17;35,79781;300;40,05665;75;3,44195;3;18;1,540648
24;Arcade;ArcadeCar-3000019;1698;17;17;33,96213;300;41,29378;75;5,524851;1;19;0,8236814
25;Arcade;ArcadeCar-3000019;2202;17;17;44,04459;300;33,58724;75;3,764343;7;21;4,4658
26;Arcade;ArcadeCar-3000019;1618;17;17;32,35461;300;44,01305;75;4,531743;1;18;0,0399498
27;Arcade;ArcadeCar-3000019;1822;17;17;36,44031;300;39,80196;75;4,690306;3;15;1,37502
28;Arcade;ArcadeCar-3000019;9559;17;17;191,1738;300;7,929123;75;4,814784;4;23;153,8596
29;Arcade;ArcadeCar-3000019;1786;17;17;35,72622;300;40,40446;75;5,752576;1;20;0,7769008
30;Arcade;ArcadeCar-3000019;1614;17;17;32,28056;300;44,16433;75;4,181229;1;21;0
31;Arcade;ArcadeCar-3000019;2133;17;17;42,66229;300;32,96101;75;9,259814;6;19;2,790927
32;Arcade;ArcadeCar-3000019;1761;17;17;35,21435;300;41,89896;75;5,694066;1;18;1,157454
33;Arcade;ArcadeCar-3000019;1767;17;17;35,34046;300;40,99784;75;3,18717;3;18;1,200512
34;Arcade;ArcadeCar-3000019;2182;17;17;43,64516;300;32,73438;75;4,177144;6;22;4,249066
35;Arcade;ArcadeCar-3000019;2235;17;17;44,70172;300;32,05724;75;9,284778;5;21;2,959266
36;Arcade;ArcadeCar-3000019;1955;16;17;39,09848;300;36,20189;75;8,946118;3;19;2,123869
37;Arcade;ArcadeCar-3000019;1820;17;17;36,39642;300;39,593;75;3,470162;3;19;1,825988
38;Arcade;ArcadeCar-3000019;1713;17;17;34,263;300;42,00696;75;3,475124;3;19;0,82308
39;Arcade;ArcadeCar-3000019;1743;17;17;34,85977;300;41,84827;75;4,36609;3;20;1,719586
40;Arcade;ArcadeCar-3000019;2125;17;17;42,49611;300;34,01274;75;4,06288;4;18;5,463175
41;Arcade;ArcadeCar-3000019;1721;17;17;34,41973;300;41,62228;75;4,651476;2;15;1,04061
42;Arcade;ArcadeCar-3000019;1708;17;17;34,16431;300;41,96402;75;5,335858;1;21;0,8580999
43;Arcade;ArcadeCar-3000019;1914;17;17;38,27688;300;37,62675;75;5,666934;4;19;2,563652
44;Arcade;ArcadeCar-3000019;2334;17;17;46,67831;300;31,39673;75;5,047428;5;23;6,968536
45;Arcade;ArcadeCar-3000019;1591;17;17;31,8193;300;44,96062;75;2,906964;1;22;0,0400304
46;Arcade;ArcadeCar-3000019;1580;17;17;31,59993;300;46,16247;75;3,969738;0;15;0
47;Arcade;ArcadeCar-3000019;978;7;17;300;300;36,81471;75;3,104175;1;16;1,345096
48;Arcade;ArcadeCar-3000019;1784;17;17;35,67967;300;39,79897;75;4,13946;4;19;1,016515
49;Arcade;ArcadeCar-3000019;1943;17;17;38,86164;300;36,88237;75;7,307915;2;20;2,450564
50;Arcade;ArcadeCar-3000019;1847;17;17;36,93928;300;38,54262;75;6,66159;6;24;0,9629898
